cell,param,direction,stability_score,n_years_tested,avg_lift_pp,years_detail
comm|bearish,htf_range_position_mid,mostly_up,6,7,4.35,"2019:up,2020:down,2021:up,2022:up,2023:up,2024:up,2025:up"
comm|bearish,htf_range_position_high,mostly_up,6,7,7.79,"2019:up,2020:up,2021:up,2022:up,2023:up,2024:down,2025:up"
comm|bearish,session_directional_bias,mostly_down,4,7,3.61,"2019:up,2020:down,2021:down,2022:down,2023:down,2024:up,2025:up"
comm|bearish,break_close_location,mostly_down,6,7,4.4,"2019:down,2020:down,2021:down,2022:down,2023:down,2024:up,2025:down"
comm|bearish,break_impulse_range_atr,mostly_down,4,7,2.65,"2019:down,2020:down,2021:down,2022:up,2023:up,2024:up,2025:down"
comm|bearish,break_impulse_body_atr,mostly_down,5,7,3.15,"2019:down,2020:down,2021:down,2022:down,2023:up,2024:up,2025:down"
comm|bearish,retest_candle_body_penetration,mostly_down,5,7,4.32,"2019:down,2020:up,2021:up,2022:down,2023:down,2024:down,2025:down"
comm|bearish,aoi_height_atr,mostly_up,4,6,3.53,"2019:down,2020:up,2021:down,2022:up,2024:up,2025:up"
comm|bearish,distance_to_next_htf_obstacle_atr,mostly_up,5,7,5.61,"2019:down,2020:up,2021:up,2022:up,2023:up,2024:down,2025:up"
comm|bearish,distance_from_last_impulse_atr,mostly_up,5,7,2.64,"2019:down,2020:up,2021:down,2022:up,2023:up,2024:up,2025:up"
comm|bearish,recent_trend_payoff_atr_24h,mostly_down,6,7,4.02,"2019:down,2020:up,2021:down,2022:down,2023:down,2024:down,2025:down"
comm|bearish,recent_trend_payoff_atr_48h,mostly_up,4,7,5.84,"2019:up,2020:up,2021:up,2022:down,2023:down,2024:down,2025:up"
comm|bearish,aoi_time_since_last_touch,mostly_up,6,7,4.85,"2019:up,2020:up,2021:up,2022:up,2023:up,2024:up,2025:down"
comm|bearish,aoi_last_reaction_strength,mostly_up,4,7,3.34,"2019:up,2020:up,2021:up,2022:down,2023:up,2024:down,2025:down"
comm|bearish,htf_range_size_mid_atr,mostly_down,5,7,4.59,"2019:down,2020:down,2021:down,2022:up,2023:down,2024:up,2025:down"
comm|bearish,aoi_midpoint_range_position_mid,mostly_up,5,7,6.37,"2019:up,2020:down,2021:up,2022:up,2023:up,2024:down,2025:up"
comm|bearish,trend_age_bars_1h,mostly_down,4,7,5.36,"2019:up,2020:down,2021:down,2022:up,2023:down,2024:down,2025:up"
comm|bearish,trend_age_impulses,mostly_down,5,7,5.52,"2019:up,2020:down,2021:down,2022:down,2023:down,2024:up,2025:down"
comm|bearish,max_retest_penetration_atr,mostly_down,5,7,3.51,"2019:up,2020:down,2021:down,2022:down,2023:down,2024:up,2025:down"
comm|bearish,bars_between_retest_and_break,mostly_down,4,7,5.08,"2019:up,2020:down,2021:down,2022:down,2023:up,2024:up,2025:down"
comm|bearish,aoi_touch_count_since_creation,mostly_up,5,7,3.66,"2019:down,2020:up,2021:up,2022:up,2023:up,2024:down,2025:up"
comm|bearish,signal_candle_range_atr,mostly_down,4,7,2.65,"2019:down,2020:down,2021:down,2022:up,2023:up,2024:up,2025:down"
comm|bearish,signal_candle_body_atr,mostly_down,5,7,3.15,"2019:down,2020:down,2021:down,2022:down,2023:up,2024:up,2025:down"
comm|bearish,aoi_near_edge_atr,mostly_down,5,7,3.24,"2019:down,2020:down,2021:down,2022:up,2023:up,2024:down,2025:down"
comm|bearish,aoi_far_edge_atr,mostly_up,4,7,4.85,"2019:down,2020:down,2021:down,2022:up,2023:up,2024:up,2025:up"
comm|bearish,opp_extreme,mostly_down,4,7,2.55,"2019:down,2020:down,2021:up,2022:up,2023:down,2024:up,2025:down"
comm|bearish,trend_alignment_strength,mixed,3,6,5.65,"2019:up,2020:down,2021:up,2022:down,2023:down,2024:up"
comm|bearish,hour_of_day_utc,mostly_up,5,7,3.02,"2019:down,2020:down,2021:up,2022:up,2023:up,2024:up,2025:up"
comm|bearish,conflicted_tf,mostly_down,4,7,5.63,"2019:up,2020:down,2021:down,2022:up,2023:down,2024:down,2025:up"
comm|bullish,htf_range_position_mid,mostly_down,6,7,5.56,"2019:down,2020:down,2021:down,2022:down,2023:down,2024:up,2025:down"
comm|bullish,htf_range_position_high,mostly_up,4,7,4.33,"2019:up,2020:down,2021:down,2022:up,2023:up,2024:up,2025:down"
comm|bullish,session_directional_bias,mostly_down,4,7,1.82,"2019:down,2020:down,2021:down,2022:up,2023:tie,2024:up,2025:down"
comm|bullish,break_close_location,mostly_up,4,7,3.29,"2019:up,2020:down,2021:up,2022:down,2023:up,2024:up,2025:down"
comm|bullish,break_impulse_range_atr,mostly_up,5,7,3.12,"2019:down,2020:up,2021:down,2022:up,2023:up,2024:up,2025:up"
comm|bullish,break_impulse_body_atr,mostly_up,4,7,2.64,"2019:down,2020:down,2021:down,2022:up,2023:up,2024:up,2025:up"
comm|bullish,retest_candle_body_penetration,mostly_up,4,7,3.76,"2019:up,2020:down,2021:down,2022:up,2023:up,2024:down,2025:up"
comm|bullish,aoi_height_atr,mostly_down,4,6,2.95,"2019:down,2020:up,2021:down,2022:down,2024:up,2025:down"
comm|bullish,distance_to_next_htf_obstacle_atr,mostly_up,6,7,1.7,"2019:up,2020:up,2021:up,2022:down,2023:up,2024:up,2025:up"
comm|bullish,distance_from_last_impulse_atr,mostly_down,4,7,2.78,"2019:up,2020:up,2021:down,2022:down,2023:down,2024:down,2025:up"
comm|bullish,recent_trend_payoff_atr_24h,mostly_down,5,7,3.04,"2019:down,2020:down,2021:down,2022:up,2023:down,2024:up,2025:down"
comm|bullish,recent_trend_payoff_atr_48h,mostly_down,6,7,4.2,"2019:down,2020:down,2021:down,2022:down,2023:down,2024:up,2025:down"
comm|bullish,aoi_time_since_last_touch,mostly_up,4,7,3.38,"2019:up,2020:up,2021:down,2022:down,2023:up,2024:down,2025:up"
comm|bullish,aoi_last_reaction_strength,mostly_down,4,7,3.6,"2019:up,2020:up,2021:down,2022:down,2023:up,2024:down,2025:down"
comm|bullish,htf_range_size_mid_atr,mostly_down,5,7,3.85,"2019:down,2020:down,2021:down,2022:up,2023:up,2024:down,2025:down"
comm|bullish,aoi_midpoint_range_position_mid,mostly_down,5,7,4.71,"2019:down,2020:down,2021:down,2022:up,2023:down,2024:up,2025:down"
comm|bullish,trend_age_bars_1h,mostly_up,4,7,4.26,"2019:up,2020:down,2021:up,2022:down,2023:up,2024:up,2025:down"
comm|bullish,trend_age_impulses,mostly_up,4,7,2.95,"2019:down,2020:down,2021:up,2022:up,2023:up,2024:up,2025:down"
comm|bullish,max_retest_penetration_atr,mostly_up,6,7,4.55,"2019:down,2020:up,2021:up,2022:up,2023:up,2024:up,2025:up"
comm|bullish,bars_between_retest_and_break,mostly_up,4,7,2.63,"2019:down,2020:down,2021:up,2022:down,2023:up,2024:up,2025:up"
comm|bullish,aoi_touch_count_since_creation,mostly_up,6,7,3.61,"2019:up,2020:up,2021:up,2022:up,2023:down,2024:up,2025:up"
comm|bullish,signal_candle_range_atr,mostly_up,5,7,3.12,"2019:down,2020:up,2021:down,2022:up,2023:up,2024:up,2025:up"
comm|bullish,signal_candle_body_atr,mostly_up,4,7,2.64,"2019:down,2020:down,2021:down,2022:up,2023:up,2024:up,2025:up"
comm|bullish,aoi_near_edge_atr,mostly_down,5,7,3.49,"2019:down,2020:down,2021:down,2022:down,2023:up,2024:up,2025:down"
comm|bullish,aoi_far_edge_atr,mostly_down,6,7,4.78,"2019:down,2020:down,2021:down,2022:down,2023:down,2024:up,2025:down"
comm|bullish,opp_extreme,mostly_down,4,7,2.75,"2019:down,2020:down,2021:up,2022:down,2023:up,2024:up,2025:down"
comm|bullish,trend_alignment_strength,mostly_up,4,7,4.26,"2019:up,2020:down,2021:up,2022:down,2023:up,2024:up,2025:down"
comm|bullish,hour_of_day_utc,mostly_down,6,7,3.0,"2019:down,2020:down,2021:down,2022:down,2023:down,2024:down,2025:up"
comm|bullish,conflicted_tf,mostly_up,4,7,4.26,"2019:up,2020:down,2021:up,2022:down,2023:up,2024:up,2025:down"
eur|bearish,htf_range_position_mid,mostly_up,5,7,3.71,"2019:down,2020:up,2021:up,2022:down,2023:up,2024:up,2025:up"
eur|bearish,htf_range_position_high,mostly_up,5,7,5.88,"2019:up,2020:up,2021:up,2022:down,2023:up,2024:up,2025:down"
eur|bearish,session_directional_bias,mostly_down,4,7,4.3,"2019:up,2020:up,2021:down,2022:down,2023:up,2024:down,2025:down"
eur|bearish,break_close_location,mostly_down,4,7,2.74,"2019:up,2020:down,2021:down,2022:up,2023:down,2024:down,2025:up"
eur|bearish,break_impulse_range_atr,mostly_down,5,7,5.8,"2019:down,2020:down,2021:up,2022:up,2023:down,2024:down,2025:down"
eur|bearish,break_impulse_body_atr,mostly_down,6,7,3.14,"2019:down,2020:down,2021:down,2022:up,2023:down,2024:down,2025:down"
eur|bearish,retest_candle_body_penetration,mostly_up,4,7,2.64,"2019:up,2020:down,2021:up,2022:up,2023:down,2024:up,2025:down"
eur|bearish,aoi_height_atr,mostly_down,4,6,4.31,"2019:down,2020:down,2021:up,2022:down,2024:down,2025:up"
eur|bearish,distance_to_next_htf_obstacle_atr,mostly_up,5,7,4.09,"2019:up,2020:up,2021:up,2022:up,2023:down,2024:down,2025:up"
eur|bearish,distance_from_last_impulse_atr,mostly_up,4,7,2.69,"2019:up,2020:up,2021:down,2022:up,2023:down,2024:up,2025:down"
eur|bearish,recent_trend_payoff_atr_24h,mostly_down,5,7,3.54,"2019:up,2020:down,2021:down,2022:down,2023:down,2024:up,2025:down"
eur|bearish,recent_trend_payoff_atr_48h,mostly_down,4,7,4.96,"2019:up,2020:down,2021:down,2022:up,2023:down,2024:down,2025:up"
eur|bearish,aoi_time_since_last_touch,mostly_down,4,7,2.19,"2019:up,2020:up,2021:down,2022:up,2023:down,2024:down,2025:down"
eur|bearish,aoi_last_reaction_strength,mostly_up,4,7,5.49,"2019:up,2020:down,2021:up,2022:up,2023:down,2024:up,2025:down"
eur|bearish,htf_range_size_mid_atr,mostly_up,5,7,5.39,"2019:down,2020:up,2021:up,2022:up,2023:up,2024:down,2025:up"
eur|bearish,aoi_midpoint_range_position_mid,mostly_up,4,7,3.31,"2019:down,2020:up,2021:down,2022:up,2023:down,2024:up,2025:up"
eur|bearish,trend_age_bars_1h,mostly_up,4,7,6.44,"2019:up,2020:down,2021:up,2022:up,2023:down,2024:up,2025:down"
eur|bearish,trend_age_impulses,mostly_down,5,7,3.49,"2019:down,2020:up,2021:down,2022:up,2023:down,2024:down,2025:down"
eur|bearish,max_retest_penetration_atr,mostly_down,4,7,3.59,"2019:up,2020:down,2021:up,2022:up,2023:down,2024:down,2025:down"
eur|bearish,bars_between_retest_and_break,mostly_down,5,7,5.16,"2019:up,2020:down,2021:down,2022:up,2023:down,2024:down,2025:down"
eur|bearish,aoi_touch_count_since_creation,mostly_down,4,7,4.23,"2019:down,2020:up,2021:down,2022:up,2023:down,2024:down,2025:up"
eur|bearish,signal_candle_range_atr,mostly_down,5,7,5.8,"2019:down,2020:down,2021:up,2022:up,2023:down,2024:down,2025:down"
eur|bearish,signal_candle_body_atr,mostly_down,6,7,3.14,"2019:down,2020:down,2021:down,2022:up,2023:down,2024:down,2025:down"
eur|bearish,aoi_near_edge_atr,mostly_down,4,7,3.36,"2019:up,2020:up,2021:down,2022:up,2023:down,2024:down,2025:down"
eur|bearish,aoi_far_edge_atr,mostly_down,4,7,3.98,"2019:down,2020:down,2021:up,2022:up,2023:up,2024:down,2025:down"
eur|bearish,opp_extreme,mostly_down,4,7,5.95,"2019:down,2020:down,2021:up,2022:up,2023:up,2024:down,2025:down"
eur|bearish,trend_alignment_strength,mostly_up,4,7,6.44,"2019:up,2020:down,2021:up,2022:up,2023:down,2024:up,2025:down"
eur|bearish,hour_of_day_utc,mostly_down,4,7,2.37,"2019:up,2020:down,2021:up,2022:down,2023:up,2024:down,2025:down"
eur|bearish,conflicted_tf,mostly_up,4,7,6.44,"2019:up,2020:down,2021:up,2022:up,2023:down,2024:up,2025:down"
eur|bullish,htf_range_position_mid,mostly_up,4,7,1.8,"2019:up,2020:up,2021:down,2022:up,2023:down,2024:down,2025:up"
eur|bullish,htf_range_position_high,mostly_up,4,7,3.07,"2019:down,2020:down,2021:down,2022:up,2023:up,2024:up,2025:up"
eur|bullish,session_directional_bias,mostly_up,4,7,2.99,"2019:down,2020:up,2021:up,2022:down,2023:up,2024:down,2025:up"
eur|bullish,break_close_location,mostly_down,6,7,4.31,"2019:down,2020:down,2021:down,2022:down,2023:down,2024:down,2025:up"
eur|bullish,break_impulse_range_atr,mostly_down,5,7,2.51,"2019:down,2020:down,2021:down,2022:down,2023:up,2024:down,2025:up"
eur|bullish,break_impulse_body_atr,mostly_down,5,7,3.88,"2019:down,2020:down,2021:down,2022:down,2023:up,2024:down,2025:up"
eur|bullish,retest_candle_body_penetration,mostly_up,5,7,2.55,"2019:down,2020:up,2021:down,2022:up,2023:up,2024:up,2025:up"
eur|bullish,aoi_height_atr,mostly_down,4,6,3.54,"2019:up,2020:up,2021:down,2022:down,2024:down,2025:down"
eur|bullish,distance_to_next_htf_obstacle_atr,mostly_down,5,7,2.72,"2019:down,2020:down,2021:down,2022:up,2023:down,2024:up,2025:down"
eur|bullish,distance_from_last_impulse_atr,mostly_up,5,7,3.83,"2019:down,2020:down,2021:up,2022:up,2023:up,2024:up,2025:up"
eur|bullish,recent_trend_payoff_atr_24h,mostly_up,4,7,2.49,"2019:up,2020:up,2021:down,2022:up,2023:down,2024:down,2025:up"
eur|bullish,recent_trend_payoff_atr_48h,mostly_down,4,7,2.61,"2019:up,2020:down,2021:down,2022:up,2023:down,2024:down,2025:up"
eur|bullish,aoi_time_since_last_touch,mostly_down,4,7,2.55,"2019:down,2020:down,2021:up,2022:up,2023:up,2024:down,2025:down"
eur|bullish,aoi_last_reaction_strength,mostly_up,4,7,3.72,"2019:down,2020:down,2021:down,2022:up,2023:up,2024:up,2025:up"
eur|bullish,htf_range_size_mid_atr,mostly_down,5,7,3.11,"2019:up,2020:up,2021:down,2022:down,2023:down,2024:down,2025:down"
eur|bullish,aoi_midpoint_range_position_mid,mostly_down,4,7,3.54,"2019:down,2020:down,2021:down,2022:up,2023:down,2024:up,2025:up"
eur|bullish,trend_age_bars_1h,mostly_down,6,7,3.35,"2019:down,2020:down,2021:down,2022:down,2023:down,2024:down,2025:up"
eur|bullish,trend_age_impulses,mostly_down,4,7,2.87,"2019:up,2020:down,2021:up,2022:down,2023:down,2024:down,2025:up"
eur|bullish,max_retest_penetration_atr,mostly_down,4,7,3.38,"2019:down,2020:down,2021:down,2022:up,2023:up,2024:up,2025:down"
eur|bullish,bars_between_retest_and_break,mostly_up,4,7,4.17,"2019:up,2020:down,2021:down,2022:up,2023:up,2024:down,2025:up"
eur|bullish,aoi_touch_count_since_creation,mostly_down,4,7,2.07,"2019:down,2020:down,2021:up,2022:up,2023:up,2024:down,2025:down"
eur|bullish,signal_candle_range_atr,mostly_down,5,7,2.51,"2019:down,2020:down,2021:down,2022:down,2023:up,2024:down,2025:up"
eur|bullish,signal_candle_body_atr,mostly_down,5,7,3.88,"2019:down,2020:down,2021:down,2022:down,2023:up,2024:down,2025:up"
eur|bullish,aoi_near_edge_atr,mostly_down,5,7,1.54,"2019:down,2020:up,2021:tie,2022:down,2023:down,2024:down,2025:down"
eur|bullish,aoi_far_edge_atr,mostly_down,4,7,3.19,"2019:up,2020:up,2021:down,2022:down,2023:up,2024:down,2025:down"
eur|bullish,opp_extreme,mostly_down,4,7,3.98,"2019:down,2020:down,2021:down,2022:down,2023:up,2024:up,2025:up"
eur|bullish,trend_alignment_strength,mostly_down,6,7,3.35,"2019:down,2020:down,2021:down,2022:down,2023:down,2024:down,2025:up"
eur|bullish,hour_of_day_utc,mostly_down,5,7,2.45,"2019:down,2020:up,2021:down,2022:up,2023:down,2024:down,2025:down"
eur|bullish,conflicted_tf,mostly_down,6,7,3.35,"2019:down,2020:down,2021:down,2022:down,2023:down,2024:down,2025:up"
gbp|bearish,htf_range_position_mid,mostly_up,6,7,3.96,"2019:up,2020:up,2021:up,2022:up,2023:up,2024:down,2025:up"
gbp|bearish,htf_range_position_high,mostly_down,4,7,5.0,"2019:down,2020:up,2021:down,2022:up,2023:up,2024:down,2025:down"
gbp|bearish,session_directional_bias,mostly_down,5,7,3.94,"2019:down,2020:up,2021:down,2022:up,2023:down,2024:down,2025:down"
gbp|bearish,break_close_location,mostly_down,5,7,2.78,"2019:up,2020:down,2021:down,2022:down,2023:down,2024:down,2025:up"
gbp|bearish,break_impulse_range_atr,mostly_down,6,7,6.06,"2019:down,2020:down,2021:up,2022:down,2023:down,2024:down,2025:down"
gbp|bearish,break_impulse_body_atr,mostly_down,6,7,3.93,"2019:up,2020:down,2021:down,2022:down,2023:down,2024:down,2025:down"
gbp|bearish,retest_candle_body_penetration,mostly_down,4,7,3.87,"2019:up,2020:down,2021:down,2022:down,2023:up,2024:down,2025:up"
gbp|bearish,aoi_height_atr,consistent_up,6,6,3.47,"2019:up,2020:up,2021:up,2022:up,2024:up,2025:up"
gbp|bearish,distance_to_next_htf_obstacle_atr,mostly_up,4,7,3.75,"2019:down,2020:up,2021:up,2022:down,2023:up,2024:down,2025:up"
gbp|bearish,distance_from_last_impulse_atr,mostly_down,4,7,5.01,"2019:up,2020:down,2021:up,2022:down,2023:down,2024:down,2025:up"
gbp|bearish,recent_trend_payoff_atr_24h,mostly_up,5,7,3.64,"2019:down,2020:up,2021:up,2022:down,2023:up,2024:up,2025:up"
gbp|bearish,recent_trend_payoff_atr_48h,mostly_down,5,7,4.15,"2019:down,2020:down,2021:down,2022:down,2023:down,2024:up,2025:up"
gbp|bearish,aoi_time_since_last_touch,mostly_up,4,7,2.71,"2019:down,2020:down,2021:up,2022:down,2023:up,2024:up,2025:up"
gbp|bearish,aoi_last_reaction_strength,mostly_down,4,7,4.02,"2019:up,2020:down,2021:down,2022:up,2023:down,2024:down,2025:up"
gbp|bearish,htf_range_size_mid_atr,mostly_down,4,7,4.57,"2019:up,2020:down,2021:down,2022:down,2023:down,2024:up,2025:up"
gbp|bearish,aoi_midpoint_range_position_mid,mostly_up,5,7,3.84,"2019:down,2020:up,2021:up,2022:up,2023:down,2024:up,2025:up"
gbp|bearish,trend_age_bars_1h,mostly_down,4,7,3.87,"2019:up,2020:down,2021:up,2022:down,2023:up,2024:down,2025:down"
gbp|bearish,trend_age_impulses,mostly_down,4,7,4.86,"2019:down,2020:down,2021:down,2022:down,2023:up,2024:up,2025:up"
gbp|bearish,max_retest_penetration_atr,mostly_down,4,7,5.15,"2019:up,2020:down,2021:up,2022:down,2023:down,2024:down,2025:up"
gbp|bearish,bars_between_retest_and_break,mostly_down,5,7,3.12,"2019:down,2020:down,2021:up,2022:up,2023:down,2024:down,2025:down"
gbp|bearish,aoi_touch_count_since_creation,mostly_up,4,7,5.88,"2019:down,2020:down,2021:up,2022:down,2023:up,2024:up,2025:up"
gbp|bearish,signal_candle_range_atr,mostly_down,6,7,6.06,"2019:down,2020:down,2021:up,2022:down,2023:down,2024:down,2025:down"
gbp|bearish,signal_candle_body_atr,mostly_down,6,7,3.93,"2019:up,2020:down,2021:down,2022:down,2023:down,2024:down,2025:down"
gbp|bearish,aoi_near_edge_atr,mostly_down,5,7,4.43,"2019:down,2020:down,2021:down,2022:up,2023:down,2024:up,2025:down"
gbp|bearish,aoi_far_edge_atr,mostly_down,6,7,2.78,"2019:down,2020:down,2021:down,2022:up,2023:down,2024:down,2025:down"
gbp|bearish,opp_extreme,consistent_down,7,7,4.5,"2019:down,2020:down,2021:down,2022:down,2023:down,2024:down,2025:down"
gbp|bearish,trend_alignment_strength,mostly_down,4,7,3.87,"2019:up,2020:down,2021:up,2022:down,2023:up,2024:down,2025:down"
gbp|bearish,hour_of_day_utc,mostly_down,4,7,3.83,"2019:down,2020:down,2021:up,2022:down,2023:down,2024:up,2025:up"
gbp|bearish,conflicted_tf,mostly_down,4,7,3.87,"2019:up,2020:down,2021:up,2022:down,2023:up,2024:down,2025:down"
gbp|bullish,htf_range_position_mid,mostly_up,4,7,4.57,"2019:up,2020:up,2021:up,2022:down,2023:down,2024:down,2025:up"
gbp|bullish,htf_range_position_high,mostly_up,5,7,2.59,"2019:up,2020:up,2021:up,2022:up,2023:down,2024:down,2025:up"
gbp|bullish,session_directional_bias,mostly_up,5,7,4.46,"2019:up,2020:up,2021:up,2022:up,2023:up,2024:down,2025:down"
gbp|bullish,break_close_location,mostly_down,5,7,4.26,"2019:down,2020:up,2021:down,2022:down,2023:down,2024:up,2025:down"
gbp|bullish,break_impulse_range_atr,mostly_up,5,7,3.62,"2019:up,2020:down,2021:up,2022:up,2023:down,2024:up,2025:up"
gbp|bullish,break_impulse_body_atr,mostly_up,4,7,3.4,"2019:down,2020:up,2021:up,2022:down,2023:down,2024:up,2025:up"
gbp|bullish,retest_candle_body_penetration,mostly_down,5,7,4.39,"2019:down,2020:down,2021:up,2022:down,2023:down,2024:down,2025:up"
gbp|bullish,aoi_height_atr,mostly_up,5,6,4.46,"2019:up,2020:up,2021:down,2022:up,2024:up,2025:up"
gbp|bullish,distance_to_next_htf_obstacle_atr,mostly_down,5,7,3.39,"2019:down,2020:down,2021:down,2022:up,2023:down,2024:down,2025:up"
gbp|bullish,distance_from_last_impulse_atr,mostly_up,5,7,2.66,"2019:down,2020:down,2021:up,2022:up,2023:up,2024:up,2025:up"
gbp|bullish,recent_trend_payoff_atr_24h,mostly_down,4,7,4.78,"2019:down,2020:up,2021:up,2022:down,2023:down,2024:down,2025:up"
gbp|bullish,recent_trend_payoff_atr_48h,mostly_down,4,7,5.9,"2019:down,2020:up,2021:up,2022:down,2023:down,2024:down,2025:up"
gbp|bullish,aoi_time_since_last_touch,mostly_down,5,7,3.67,"2019:down,2020:down,2021:down,2022:up,2023:down,2024:up,2025:down"
gbp|bullish,aoi_last_reaction_strength,mostly_up,5,7,6.79,"2019:down,2020:down,2021:up,2022:up,2023:up,2024:up,2025:up"
gbp|bullish,htf_range_size_mid_atr,mostly_down,4,7,5.41,"2019:down,2020:down,2021:up,2022:down,2023:up,2024:up,2025:down"
gbp|bullish,aoi_midpoint_range_position_mid,mostly_down,5,7,4.93,"2019:down,2020:up,2021:up,2022:down,2023:down,2024:down,2025:down"
gbp|bullish,trend_age_bars_1h,mostly_down,4,7,7.27,"2019:up,2020:down,2021:up,2022:down,2023:up,2024:down,2025:down"
gbp|bullish,trend_age_impulses,mostly_up,4,7,3.69,"2019:down,2020:up,2021:down,2022:up,2023:down,2024:up,2025:up"
gbp|bullish,max_retest_penetration_atr,mostly_down,5,7,2.93,"2019:down,2020:down,2021:up,2022:down,2023:down,2024:up,2025:down"
gbp|bullish,bars_between_retest_and_break,mostly_up,5,7,3.1,"2019:up,2020:up,2021:up,2022:down,2023:up,2024:up,2025:down"
gbp|bullish,aoi_touch_count_since_creation,mostly_down,5,7,4.37,"2019:up,2020:down,2021:down,2022:up,2023:down,2024:down,2025:down"
gbp|bullish,signal_candle_range_atr,mostly_up,5,7,3.62,"2019:up,2020:down,2021:up,2022:up,2023:down,2024:up,2025:up"
gbp|bullish,signal_candle_body_atr,mostly_up,4,7,3.4,"2019:down,2020:up,2021:up,2022:down,2023:down,2024:up,2025:up"
gbp|bullish,aoi_near_edge_atr,mostly_up,4,7,4.65,"2019:down,2020:up,2021:up,2022:up,2023:down,2024:down,2025:up"
gbp|bullish,aoi_far_edge_atr,mostly_up,5,7,4.13,"2019:down,2020:up,2021:up,2022:up,2023:down,2024:up,2025:up"
gbp|bullish,opp_extreme,mostly_up,5,7,3.4,"2019:down,2020:up,2021:up,2022:up,2023:down,2024:up,2025:up"
gbp|bullish,trend_alignment_strength,mostly_down,4,7,7.27,"2019:up,2020:down,2021:up,2022:down,2023:up,2024:down,2025:down"
gbp|bullish,hour_of_day_utc,mostly_up,4,7,2.67,"2019:up,2020:up,2021:down,2022:up,2023:down,2024:down,2025:up"
gbp|bullish,conflicted_tf,mostly_down,4,7,7.27,"2019:up,2020:down,2021:up,2022:down,2023:up,2024:down,2025:down"
jpy|bearish,htf_range_position_mid,mostly_down,4,7,2.79,"2019:up,2020:down,2021:down,2022:down,2023:up,2024:down,2025:up"
jpy|bearish,htf_range_position_high,mostly_up,5,7,5.83,"2019:up,2020:down,2021:up,2022:up,2023:up,2024:down,2025:up"
jpy|bearish,session_directional_bias,mostly_up,5,7,4.24,"2019:down,2020:up,2021:up,2022:up,2023:up,2024:up,2025:down"
jpy|bearish,break_close_location,mostly_up,5,7,4.48,"2019:up,2020:up,2021:down,2022:up,2023:up,2024:up,2025:down"
jpy|bearish,break_impulse_range_atr,mostly_down,5,7,5.81,"2019:down,2020:down,2021:up,2022:up,2023:down,2024:down,2025:down"
jpy|bearish,break_impulse_body_atr,mostly_down,5,7,3.44,"2019:down,2020:down,2021:down,2022:up,2023:up,2024:down,2025:down"
jpy|bearish,retest_candle_body_penetration,mostly_up,4,7,1.74,"2019:up,2020:down,2021:up,2022:up,2023:up,2024:down,2025:down"
jpy|bearish,aoi_height_atr,mostly_up,4,6,2.71,"2019:up,2020:up,2021:down,2022:up,2024:down,2025:up"
jpy|bearish,distance_to_next_htf_obstacle_atr,mostly_up,5,7,3.98,"2019:up,2020:down,2021:down,2022:up,2023:up,2024:up,2025:up"
jpy|bearish,distance_from_last_impulse_atr,mostly_down,4,7,5.25,"2019:up,2020:down,2021:down,2022:down,2023:up,2024:down,2025:up"
jpy|bearish,recent_trend_payoff_atr_24h,mostly_up,5,7,2.92,"2019:up,2020:up,2021:up,2022:up,2023:down,2024:up,2025:down"
jpy|bearish,recent_trend_payoff_atr_48h,mostly_up,4,7,4.44,"2019:down,2020:up,2021:up,2022:up,2023:down,2024:up,2025:down"
jpy|bearish,aoi_time_since_last_touch,mostly_up,4,7,3.17,"2019:up,2020:up,2021:down,2022:down,2023:up,2024:up,2025:down"
jpy|bearish,aoi_last_reaction_strength,mostly_up,4,7,5.12,"2019:up,2020:down,2021:up,2022:down,2023:up,2024:up,2025:down"
jpy|bearish,htf_range_size_mid_atr,mostly_down,4,7,3.38,"2019:up,2020:up,2021:up,2022:down,2023:down,2024:down,2025:down"
jpy|bearish,aoi_midpoint_range_position_mid,mostly_up,4,7,4.14,"2019:down,2020:down,2021:up,2022:up,2023:up,2024:down,2025:up"
jpy|bearish,trend_age_bars_1h,mostly_up,4,7,2.88,"2019:up,2020:up,2021:down,2022:up,2023:down,2024:up,2025:down"
jpy|bearish,trend_age_impulses,mostly_up,4,7,3.98,"2019:up,2020:up,2021:down,2022:down,2023:down,2024:up,2025:up"
jpy|bearish,max_retest_penetration_atr,mostly_up,5,7,3.73,"2019:up,2020:up,2021:up,2022:up,2023:up,2024:down,2025:down"
jpy|bearish,bars_between_retest_and_break,mostly_down,5,7,2.67,"2019:down,2020:up,2021:down,2022:down,2023:down,2024:down,2025:up"
jpy|bearish,aoi_touch_count_since_creation,mostly_up,6,7,1.72,"2019:down,2020:up,2021:up,2022:up,2023:up,2024:up,2025:up"
jpy|bearish,signal_candle_range_atr,mostly_down,5,7,5.81,"2019:down,2020:down,2021:up,2022:up,2023:down,2024:down,2025:down"
jpy|bearish,signal_candle_body_atr,mostly_down,5,7,3.44,"2019:down,2020:down,2021:down,2022:up,2023:up,2024:down,2025:down"
jpy|bearish,aoi_near_edge_atr,mostly_up,5,7,2.72,"2019:up,2020:up,2021:down,2022:up,2023:up,2024:down,2025:up"
jpy|bearish,aoi_far_edge_atr,consistent_up,7,7,3.92,"2019:up,2020:up,2021:up,2022:up,2023:up,2024:up,2025:up"
jpy|bearish,opp_extreme,mostly_up,4,7,3.78,"2019:up,2020:up,2021:up,2022:up,2023:tie,2024:down,2025:down"
jpy|bearish,trend_alignment_strength,mostly_up,4,7,2.88,"2019:up,2020:up,2021:down,2022:up,2023:down,2024:up,2025:down"
jpy|bearish,hour_of_day_utc,mostly_up,5,7,2.69,"2019:up,2020:up,2021:up,2022:down,2023:up,2024:up,2025:down"
jpy|bearish,conflicted_tf,mostly_up,4,7,2.88,"2019:up,2020:up,2021:down,2022:up,2023:down,2024:up,2025:down"
jpy|bullish,htf_range_position_mid,mostly_down,5,7,2.42,"2019:up,2020:down,2021:up,2022:down,2023:down,2024:down,2025:down"
jpy|bullish,htf_range_position_high,mostly_down,6,7,3.2,"2019:down,2020:down,2021:down,2022:down,2023:down,2024:up,2025:down"
jpy|bullish,session_directional_bias,mostly_up,4,7,3.04,"2019:up,2020:up,2021:down,2022:down,2023:up,2024:up,2025:down"
jpy|bullish,break_close_location,mostly_down,4,7,2.94,"2019:up,2020:up,2021:down,2022:up,2023:down,2024:down,2025:down"
jpy|bullish,break_impulse_range_atr,mostly_up,4,7,3.19,"2019:up,2020:up,2021:down,2022:down,2023:up,2024:down,2025:up"
jpy|bullish,break_impulse_body_atr,mostly_up,5,7,3.12,"2019:up,2020:up,2021:up,2022:up,2023:up,2024:down,2025:down"
jpy|bullish,retest_candle_body_penetration,mostly_down,4,7,3.01,"2019:down,2020:up,2021:down,2022:down,2023:up,2024:down,2025:up"
jpy|bullish,aoi_height_atr,mostly_up,5,6,1.64,"2019:up,2020:up,2021:up,2022:up,2024:up,2025:down"
jpy|bullish,distance_to_next_htf_obstacle_atr,mostly_down,5,7,3.75,"2019:down,2020:down,2021:down,2022:down,2023:down,2024:up,2025:up"
jpy|bullish,distance_from_last_impulse_atr,mostly_down,4,7,2.93,"2019:down,2020:up,2021:down,2022:down,2023:up,2024:down,2025:up"
jpy|bullish,recent_trend_payoff_atr_24h,mostly_up,5,7,2.66,"2019:up,2020:up,2021:up,2022:up,2023:up,2024:down,2025:down"
jpy|bullish,recent_trend_payoff_atr_48h,mostly_down,4,7,2.71,"2019:up,2020:up,2021:up,2022:down,2023:down,2024:down,2025:down"
jpy|bullish,aoi_time_since_last_touch,mostly_down,4,7,2.43,"2019:down,2020:down,2021:up,2022:down,2023:up,2024:down,2025:up"
jpy|bullish,aoi_last_reaction_strength,mostly_down,6,7,5.09,"2019:down,2020:down,2021:down,2022:down,2023:down,2024:up,2025:down"
jpy|bullish,htf_range_size_mid_atr,mostly_up,5,7,2.61,"2019:up,2020:down,2021:up,2022:down,2023:up,2024:up,2025:up"
jpy|bullish,aoi_midpoint_range_position_mid,mostly_down,5,7,4.08,"2019:down,2020:down,2021:up,2022:down,2023:up,2024:down,2025:down"
jpy|bullish,trend_age_bars_1h,mostly_down,4,7,3.49,"2019:down,2020:up,2021:up,2022:up,2023:down,2024:down,2025:down"
jpy|bullish,trend_age_impulses,mostly_up,6,7,2.88,"2019:up,2020:up,2021:up,2022:up,2023:up,2024:up,2025:down"
jpy|bullish,max_retest_penetration_atr,mostly_down,4,7,2.72,"2019:down,2020:up,2021:down,2022:down,2023:up,2024:down,2025:up"
jpy|bullish,bars_between_retest_and_break,mostly_down,4,7,1.71,"2019:down,2020:up,2021:up,2022:down,2023:down,2024:down,2025:up"
jpy|bullish,aoi_touch_count_since_creation,mostly_up,4,7,2.31,"2019:down,2020:up,2021:down,2022:up,2023:down,2024:up,2025:up"
jpy|bullish,signal_candle_range_atr,mostly_up,4,7,3.19,"2019:up,2020:up,2021:down,2022:down,2023:up,2024:down,2025:up"
jpy|bullish,signal_candle_body_atr,mostly_up,5,7,3.12,"2019:up,2020:up,2021:up,2022:up,2023:up,2024:down,2025:down"
jpy|bullish,aoi_near_edge_atr,mostly_up,5,7,3.02,"2019:up,2020:up,2021:up,2022:down,2023:up,2024:up,2025:down"
jpy|bullish,aoi_far_edge_atr,mostly_up,5,7,3.16,"2019:up,2020:up,2021:up,2022:up,2023:up,2024:down,2025:down"
jpy|bullish,opp_extreme,mostly_down,4,7,3.07,"2019:up,2020:up,2021:down,2022:down,2023:up,2024:down,2025:down"
jpy|bullish,trend_alignment_strength,mostly_down,4,7,3.49,"2019:down,2020:up,2021:up,2022:up,2023:down,2024:down,2025:down"
jpy|bullish,hour_of_day_utc,mostly_down,5,7,1.8,"2019:down,2020:down,2021:up,2022:down,2023:down,2024:down,2025:up"
jpy|bullish,conflicted_tf,mostly_down,4,7,3.49,"2019:down,2020:up,2021:up,2022:up,2023:down,2024:down,2025:down"
usd|bearish,htf_range_position_mid,mostly_down,5,7,3.38,"2019:up,2020:down,2021:down,2022:down,2023:down,2024:up,2025:down"
usd|bearish,htf_range_position_high,mostly_down,6,7,3.83,"2019:down,2020:down,2021:up,2022:down,2023:down,2024:down,2025:down"
usd|bearish,session_directional_bias,mostly_up,5,7,4.1,"2019:up,2020:up,2021:down,2022:up,2023:up,2024:down,2025:up"
usd|bearish,break_close_location,mostly_down,5,7,3.82,"2019:up,2020:down,2021:down,2022:down,2023:up,2024:down,2025:down"
usd|bearish,break_impulse_range_atr,mostly_down,5,7,4.25,"2019:down,2020:up,2021:down,2022:down,2023:down,2024:down,2025:up"
usd|bearish,break_impulse_body_atr,mostly_down,4,7,3.47,"2019:up,2020:up,2021:down,2022:down,2023:down,2024:down,2025:up"
usd|bearish,retest_candle_body_penetration,mostly_down,5,7,3.26,"2019:up,2020:up,2021:down,2022:down,2023:down,2024:down,2025:down"
usd|bearish,aoi_height_atr,mostly_up,4,6,2.67,"2019:up,2020:down,2021:down,2022:up,2024:up,2025:up"
usd|bearish,distance_to_next_htf_obstacle_atr,mostly_down,4,7,3.02,"2019:down,2020:down,2021:down,2022:up,2023:down,2024:up,2025:up"
usd|bearish,distance_from_last_impulse_atr,mostly_down,4,7,3.25,"2019:down,2020:up,2021:down,2022:up,2023:down,2024:up,2025:down"
usd|bearish,recent_trend_payoff_atr_24h,mostly_down,4,7,3.48,"2019:down,2020:down,2021:up,2022:down,2023:up,2024:down,2025:up"
usd|bearish,recent_trend_payoff_atr_48h,mostly_up,5,7,6.24,"2019:up,2020:up,2021:down,2022:up,2023:up,2024:down,2025:up"
usd|bearish,aoi_time_since_last_touch,mostly_down,4,7,2.2,"2019:down,2020:up,2021:down,2022:down,2023:up,2024:up,2025:down"
usd|bearish,aoi_last_reaction_strength,mostly_down,5,7,2.17,"2019:down,2020:down,2021:down,2022:up,2023:down,2024:up,2025:down"
usd|bearish,htf_range_size_mid_atr,mostly_up,4,7,2.33,"2019:down,2020:down,2021:down,2022:up,2023:up,2024:up,2025:up"
usd|bearish,aoi_midpoint_range_position_mid,mostly_down,4,7,4.21,"2019:down,2020:down,2021:up,2022:down,2023:up,2024:down,2025:up"
usd|bearish,trend_age_bars_1h,mostly_up,5,7,3.69,"2019:up,2020:up,2021:up,2022:up,2023:down,2024:down,2025:up"
usd|bearish,trend_age_impulses,mostly_up,5,7,3.17,"2019:up,2020:up,2021:down,2022:up,2023:down,2024:up,2025:up"
usd|bearish,max_retest_penetration_atr,mostly_down,4,7,5.04,"2019:up,2020:up,2021:down,2022:up,2023:down,2024:down,2025:down"
usd|bearish,bars_between_retest_and_break,mostly_down,5,7,4.17,"2019:down,2020:up,2021:up,2022:down,2023:down,2024:down,2025:down"
usd|bearish,aoi_touch_count_since_creation,mostly_up,6,7,2.77,"2019:up,2020:down,2021:up,2022:up,2023:up,2024:up,2025:up"
usd|bearish,signal_candle_range_atr,mostly_down,5,7,4.25,"2019:down,2020:up,2021:down,2022:down,2023:down,2024:down,2025:up"
usd|bearish,signal_candle_body_atr,mostly_down,4,7,3.47,"2019:up,2020:up,2021:down,2022:down,2023:down,2024:down,2025:up"
usd|bearish,aoi_near_edge_atr,mostly_down,4,7,3.23,"2019:down,2020:up,2021:down,2022:down,2023:up,2024:down,2025:up"
usd|bearish,aoi_far_edge_atr,mostly_down,6,7,2.89,"2019:down,2020:down,2021:down,2022:down,2023:down,2024:down,2025:up"
usd|bearish,opp_extreme,mostly_down,4,7,3.18,"2019:up,2020:down,2021:up,2022:down,2023:down,2024:down,2025:up"
usd|bearish,trend_alignment_strength,mostly_up,5,7,3.69,"2019:up,2020:up,2021:up,2022:up,2023:down,2024:down,2025:up"
usd|bearish,hour_of_day_utc,mostly_up,4,7,5.04,"2019:down,2020:up,2021:down,2022:up,2023:down,2024:up,2025:up"
usd|bearish,conflicted_tf,mostly_up,5,7,3.69,"2019:up,2020:up,2021:up,2022:up,2023:down,2024:down,2025:up"
usd|bullish,htf_range_position_mid,mostly_up,4,7,3.05,"2019:up,2020:up,2021:up,2022:up,2023:down,2024:down,2025:down"
usd|bullish,htf_range_position_high,mostly_up,4,7,5.14,"2019:up,2020:down,2021:down,2022:up,2023:up,2024:up,2025:down"
usd|bullish,session_directional_bias,mostly_down,6,7,2.89,"2019:up,2020:down,2021:down,2022:down,2023:down,2024:down,2025:down"
usd|bullish,break_close_location,mostly_down,4,7,3.71,"2019:down,2020:up,2021:down,2022:down,2023:down,2024:up,2025:up"
usd|bullish,break_impulse_range_atr,mostly_up,5,7,3.45,"2019:down,2020:up,2021:up,2022:down,2023:up,2024:up,2025:up"
usd|bullish,break_impulse_body_atr,mostly_up,4,7,4.7,"2019:down,2020:down,2021:up,2022:up,2023:up,2024:up,2025:down"
usd|bullish,retest_candle_body_penetration,mostly_up,5,7,4.11,"2019:down,2020:up,2021:up,2022:up,2023:up,2024:up,2025:down"
usd|bullish,aoi_height_atr,mostly_up,4,6,3.02,"2019:up,2020:down,2021:down,2022:up,2024:up,2025:up"
usd|bullish,distance_to_next_htf_obstacle_atr,mostly_up,4,7,2.33,"2019:down,2020:down,2021:up,2022:down,2023:up,2024:up,2025:up"
usd|bullish,distance_from_last_impulse_atr,mostly_down,6,7,3.63,"2019:down,2020:down,2021:down,2022:down,2023:down,2024:down,2025:up"
usd|bullish,recent_trend_payoff_atr_24h,mostly_up,4,7,3.86,"2019:up,2020:up,2021:down,2022:down,2023:up,2024:up,2025:down"
usd|bullish,recent_trend_payoff_atr_48h,mostly_up,4,7,3.7,"2019:up,2020:up,2021:down,2022:up,2023:down,2024:up,2025:down"
usd|bullish,aoi_time_since_last_touch,mostly_up,6,7,3.99,"2019:up,2020:up,2021:down,2022:up,2023:up,2024:up,2025:up"
usd|bullish,aoi_last_reaction_strength,mostly_up,6,7,3.6,"2019:down,2020:up,2021:up,2022:up,2023:up,2024:up,2025:up"
usd|bullish,htf_range_size_mid_atr,consistent_down,7,7,1.83,"2019:down,2020:down,2021:down,2022:down,2023:down,2024:down,2025:down"
usd|bullish,aoi_midpoint_range_position_mid,mostly_up,4,7,2.58,"2019:up,2020:up,2021:down,2022:down,2023:up,2024:down,2025:up"
usd|bullish,trend_age_bars_1h,mostly_down,4,7,2.2,"2019:down,2020:up,2021:up,2022:down,2023:up,2024:down,2025:down"
usd|bullish,trend_age_impulses,mostly_up,4,7,2.53,"2019:up,2020:down,2021:down,2022:up,2023:up,2024:up,2025:down"
usd|bullish,max_retest_penetration_atr,mostly_up,4,7,4.21,"2019:down,2020:up,2021:up,2022:up,2023:down,2024:up,2025:down"
usd|bullish,bars_between_retest_and_break,mostly_down,5,7,2.21,"2019:down,2020:down,2021:down,2022:down,2023:up,2024:up,2025:down"
usd|bullish,aoi_touch_count_since_creation,mostly_up,5,7,3.03,"2019:down,2020:up,2021:down,2022:up,2023:up,2024:up,2025:up"
usd|bullish,signal_candle_range_atr,mostly_up,5,7,3.45,"2019:down,2020:up,2021:up,2022:down,2023:up,2024:up,2025:up"
usd|bullish,signal_candle_body_atr,mostly_up,4,7,4.7,"2019:down,2020:down,2021:up,2022:up,2023:up,2024:up,2025:down"
usd|bullish,aoi_near_edge_atr,mostly_down,5,7,4.44,"2019:down,2020:down,2021:down,2022:down,2023:up,2024:up,2025:down"
usd|bullish,aoi_far_edge_atr,mostly_up,4,7,4.43,"2019:down,2020:down,2021:up,2022:down,2023:up,2024:up,2025:up"
usd|bullish,opp_extreme,mostly_up,5,7,3.88,"2019:down,2020:up,2021:up,2022:up,2023:up,2024:up,2025:down"
usd|bullish,trend_alignment_strength,mostly_down,4,7,2.2,"2019:down,2020:up,2021:up,2022:down,2023:up,2024:down,2025:down"
usd|bullish,hour_of_day_utc,mostly_up,5,7,2.31,"2019:up,2020:up,2021:up,2022:down,2023:up,2024:down,2025:up"
usd|bullish,conflicted_tf,mostly_down,4,7,2.2,"2019:down,2020:up,2021:up,2022:down,2023:up,2024:down,2025:down"
