cell,rr,sl,n,tpy,win,exp,pf
comm|bull,1.2,SL_SIGNAL_CANDLE_PLUS_0_25,164,23.4,43.9,-0.0341,0.939
comm|bull,1.2,SL_ATR_2_0,164,23.4,42.68,-0.061,0.894
comm|bull,1.2,SL_AOI_NEAR_PLUS_0_25,164,23.4,42.07,-0.0703,0.878
comm|bull,1.2,SL_AOI_NEAR_PLUS_0_5,164,23.4,42.07,-0.0701,0.878
comm|bull,1.2,SL_AOI_FAR_PLUS_0_25,164,23.4,40.85,-0.0722,0.873
comm|bull,1.2,SL_AOI_FAR,164,23.4,40.24,-0.0942,0.839
comm|bull,1.2,SL_AOI_NEAR,164,23.4,40.24,-0.1146,0.808
comm|bull,1.2,SL_ATR_0_5,164,23.4,39.02,-0.1415,0.768
comm|bull,1.2,SL_ATR_1_0,164,23.4,38.41,-0.1549,0.749
comm|bull,1.2,SL_ATR_1_5,164,23.4,38.41,-0.1549,0.749
comm|bull,1.2,SL_SIGNAL_CANDLE,159,22.7,37.74,-0.1698,0.727
comm|bull,1.5,SL_AOI_NEAR_PLUS_0_25,164,23.4,39.63,-0.0051,0.992
comm|bull,1.5,SL_SIGNAL_CANDLE_PLUS_0_25,164,23.4,39.63,-0.0091,0.985
comm|bull,1.5,SL_ATR_2_0,164,23.4,38.41,-0.0396,0.936
comm|bull,1.5,SL_AOI_FAR_PLUS_0_25,164,23.4,36.59,-0.0496,0.918
comm|bull,1.5,SL_AOI_NEAR_PLUS_0_5,164,23.4,36.59,-0.0784,0.875
comm|bull,1.5,SL_SIGNAL_CANDLE,159,22.7,36.48,-0.0881,0.861
comm|bull,1.5,SL_AOI_NEAR,164,23.4,35.98,-0.0967,0.848
comm|bull,1.5,SL_ATR_0_5,164,23.4,35.98,-0.1006,0.843
comm|bull,1.5,SL_AOI_FAR,164,23.4,35.37,-0.0886,0.859
comm|bull,1.5,SL_ATR_1_5,164,23.4,35.37,-0.1159,0.821
comm|bull,1.5,SL_ATR_1_0,164,23.4,32.93,-0.1768,0.736
comm|bull,2.0,SL_SIGNAL_CANDLE_PLUS_0_25,164,23.4,34.76,0.0427,1.065
comm|bull,2.0,SL_SIGNAL_CANDLE,159,22.7,33.96,0.0189,1.029
comm|bull,2.0,SL_AOI_NEAR_PLUS_0_5,164,23.4,32.93,0.0016,1.002
comm|bull,2.0,SL_AOI_NEAR_PLUS_0_25,164,23.4,32.32,-0.0172,0.974
comm|bull,2.0,SL_ATR_0_5,164,23.4,32.32,-0.0305,0.955
comm|bull,2.0,SL_AOI_NEAR,164,23.4,31.1,-0.0544,0.92
comm|bull,2.0,SL_ATR_2_0,164,23.4,30.49,-0.0661,0.904
comm|bull,2.0,SL_ATR_1_5,164,23.4,29.88,-0.1037,0.852
comm|bull,2.0,SL_ATR_1_0,164,23.4,28.66,-0.1402,0.803
comm|bull,2.0,SL_AOI_FAR_PLUS_0_25,164,23.4,28.05,-0.0817,0.879
comm|bull,2.0,SL_AOI_FAR,164,23.4,27.44,-0.1164,0.832
comm|bull,2.2,SL_SIGNAL_CANDLE_PLUS_0_25,164,23.4,34.15,0.0927,1.141
comm|bull,2.2,SL_SIGNAL_CANDLE,159,22.7,32.7,0.0465,1.069
comm|bull,2.2,SL_AOI_NEAR_PLUS_0_25,164,23.4,31.71,0.0279,1.042
comm|bull,2.2,SL_AOI_NEAR_PLUS_0_5,164,23.4,31.1,0.009,1.013
comm|bull,2.2,SL_ATR_0_5,164,23.4,28.66,-0.0829,0.884
comm|bull,2.2,SL_AOI_NEAR,164,23.4,28.05,-0.0898,0.873
comm|bull,2.2,SL_ATR_1_0,164,23.4,26.83,-0.1415,0.807
comm|bull,2.2,SL_ATR_2_0,164,23.4,26.83,-0.0891,0.874
comm|bull,2.2,SL_ATR_1_5,164,23.4,25.0,-0.1992,0.734
comm|bull,2.2,SL_AOI_FAR,164,23.4,23.78,-0.1682,0.768
comm|bull,2.2,SL_AOI_FAR_PLUS_0_25,164,23.4,23.78,-0.1303,0.813
comm|bull,2.5,SL_SIGNAL_CANDLE_PLUS_0_25,164,23.4,31.71,0.1098,1.161
comm|bull,2.5,SL_SIGNAL_CANDLE,159,22.7,30.19,0.0566,1.081
comm|bull,2.5,SL_AOI_NEAR_PLUS_0_25,164,23.4,29.27,0.0569,1.083
comm|bull,2.5,SL_AOI_NEAR,164,23.4,26.83,-0.0483,0.933
comm|bull,2.5,SL_AOI_NEAR_PLUS_0_5,164,23.4,26.22,-0.0334,0.953
comm|bull,2.5,SL_ATR_1_0,164,23.4,26.22,-0.0823,0.888
comm|bull,2.5,SL_ATR_0_5,164,23.4,25.61,-0.1037,0.861
comm|bull,2.5,SL_ATR_1_5,164,23.4,23.17,-0.1882,0.755
comm|bull,2.5,SL_ATR_2_0,164,23.4,22.56,-0.0883,0.877
comm|bull,2.5,SL_AOI_FAR,164,23.4,19.51,-0.1959,0.736
comm|bull,2.5,SL_AOI_FAR_PLUS_0_25,164,23.4,19.51,-0.1643,0.771
comm|bear,1.2,SL_SIGNAL_CANDLE_PLUS_0_25,148,21.1,45.27,-0.0041,0.993
comm|bear,1.2,SL_ATR_1_5,149,21.3,44.97,-0.0107,0.98
comm|bear,1.2,SL_ATR_1_0,149,21.3,43.62,-0.0403,0.929
comm|bear,1.2,SL_AOI_NEAR_PLUS_0_5,149,21.3,42.28,-0.0642,0.888
comm|bear,1.2,SL_ATR_2_0,149,21.3,42.28,-0.0698,0.879
comm|bear,1.2,SL_AOI_NEAR_PLUS_0_25,149,21.3,41.61,-0.0791,0.863
comm|bear,1.2,SL_AOI_FAR_PLUS_0_25,149,21.3,40.27,-0.0853,0.852
comm|bear,1.2,SL_AOI_FAR,149,21.3,38.93,-0.1172,0.802
comm|bear,1.2,SL_AOI_NEAR,149,21.3,38.93,-0.1382,0.772
comm|bear,1.2,SL_ATR_0_5,149,21.3,37.58,-0.1732,0.723
comm|bear,1.2,SL_SIGNAL_CANDLE,145,20.7,31.72,-0.3021,0.558
comm|bear,1.5,SL_SIGNAL_CANDLE_PLUS_0_25,148,21.1,41.22,0.0304,1.052
comm|bear,1.5,SL_ATR_1_0,149,21.3,39.6,-0.0101,0.983
comm|bear,1.5,SL_ATR_1_5,149,21.3,37.58,-0.0604,0.903
comm|bear,1.5,SL_ATR_2_0,149,21.3,36.91,-0.0772,0.878
comm|bear,1.5,SL_AOI_NEAR_PLUS_0_5,149,21.3,36.24,-0.0727,0.884
comm|bear,1.5,SL_AOI_NEAR_PLUS_0_25,149,21.3,35.57,-0.1052,0.835
comm|bear,1.5,SL_ATR_0_5,149,21.3,34.9,-0.1275,0.804
comm|bear,1.5,SL_AOI_NEAR,149,21.3,33.56,-0.1556,0.764
comm|bear,1.5,SL_AOI_FAR_PLUS_0_25,149,21.3,32.89,-0.1409,0.781
comm|bear,1.5,SL_AOI_FAR,149,21.3,31.54,-0.1767,0.732
comm|bear,1.5,SL_SIGNAL_CANDLE,145,20.7,31.03,-0.2241,0.675
comm|bear,2.0,SL_SIGNAL_CANDLE_PLUS_0_25,148,21.1,33.11,-0.0068,0.99
comm|bear,2.0,SL_ATR_1_5,149,21.3,30.87,-0.0738,0.893
comm|bear,2.0,SL_ATR_1_0,149,21.3,30.2,-0.094,0.865
comm|bear,2.0,SL_AOI_FAR_PLUS_0_25,149,21.3,28.86,-0.0836,0.875
comm|bear,2.0,SL_SIGNAL_CANDLE,145,20.7,28.28,-0.1517,0.788
comm|bear,2.0,SL_AOI_NEAR_PLUS_0_5,149,21.3,28.19,-0.1245,0.822
comm|bear,2.0,SL_ATR_2_0,149,21.3,28.19,-0.1314,0.812
comm|bear,2.0,SL_ATR_0_5,149,21.3,27.52,-0.1745,0.759
comm|bear,2.0,SL_AOI_NEAR,149,21.3,26.85,-0.1627,0.772
comm|bear,2.0,SL_AOI_FAR,149,21.3,25.5,-0.1865,0.736
comm|bear,2.0,SL_AOI_NEAR_PLUS_0_25,149,21.3,24.83,-0.2242,0.694
comm|bear,2.2,SL_SIGNAL_CANDLE_PLUS_0_25,148,21.1,31.08,-0.0054,0.992
comm|bear,2.2,SL_ATR_1_0,149,21.3,28.19,-0.098,0.864
comm|bear,2.2,SL_ATR_1_5,149,21.3,27.52,-0.1195,0.835
comm|bear,2.2,SL_SIGNAL_CANDLE,145,20.7,26.9,-0.1393,0.809
comm|bear,2.2,SL_AOI_NEAR,149,21.3,26.85,-0.109,0.847
comm|bear,2.2,SL_ATR_0_5,149,21.3,26.85,-0.1409,0.807
comm|bear,2.2,SL_AOI_NEAR_PLUS_0_5,149,21.3,26.17,-0.1326,0.816
comm|bear,2.2,SL_AOI_FAR_PLUS_0_25,149,21.3,25.5,-0.0935,0.863
comm|bear,2.2,SL_ATR_2_0,149,21.3,25.5,-0.1418,0.803
comm|bear,2.2,SL_AOI_FAR,149,21.3,24.83,-0.157,0.78
comm|bear,2.2,SL_AOI_NEAR_PLUS_0_25,149,21.3,24.16,-0.196,0.735
comm|bear,2.5,SL_SIGNAL_CANDLE_PLUS_0_25,148,21.1,31.08,0.0878,1.127
comm|bear,2.5,SL_ATR_0_5,149,21.3,26.85,-0.0604,0.917
comm|bear,2.5,SL_SIGNAL_CANDLE,145,20.7,26.21,-0.0828,0.888
comm|bear,2.5,SL_ATR_1_0,149,21.3,24.16,-0.1544,0.796
comm|bear,2.5,SL_AOI_FAR_PLUS_0_25,149,21.3,23.49,-0.0762,0.891
comm|bear,2.5,SL_AOI_NEAR_PLUS_0_25,149,21.3,23.49,-0.147,0.803
comm|bear,2.5,SL_ATR_2_0,149,21.3,23.49,-0.0844,0.883
comm|bear,2.5,SL_ATR_1_5,149,21.3,22.82,-0.2013,0.739
comm|bear,2.5,SL_AOI_FAR,149,21.3,21.48,-0.1564,0.785
comm|bear,2.5,SL_AOI_NEAR,149,21.3,21.48,-0.2164,0.718
comm|bear,2.5,SL_AOI_NEAR_PLUS_0_5,149,21.3,21.48,-0.2185,0.715
eur|bull,1.2,SL_SIGNAL_CANDLE_PLUS_0_25,387,55.3,42.12,-0.0734,0.873
eur|bull,1.2,SL_ATR_0_5,387,55.3,39.79,-0.1245,0.793
eur|bull,1.2,SL_ATR_1_5,387,55.3,39.79,-0.1201,0.8
eur|bull,1.2,SL_AOI_NEAR_PLUS_0_25,387,55.3,38.5,-0.1394,0.77
eur|bull,1.2,SL_ATR_2_0,387,55.3,38.5,-0.149,0.757
eur|bull,1.2,SL_AOI_FAR,387,55.3,37.47,-0.161,0.738
eur|bull,1.2,SL_ATR_1_0,387,55.3,37.47,-0.1757,0.719
eur|bull,1.2,SL_SIGNAL_CANDLE,381,54.4,36.75,-0.1916,0.697
eur|bull,1.2,SL_AOI_FAR_PLUS_0_25,387,55.3,35.92,-0.1923,0.693
eur|bull,1.2,SL_AOI_NEAR,387,55.3,35.92,-0.2029,0.681
eur|bull,1.2,SL_AOI_NEAR_PLUS_0_5,387,55.3,35.66,-0.2004,0.683
eur|bull,1.5,SL_SIGNAL_CANDLE_PLUS_0_25,387,55.3,36.69,-0.0779,0.876
eur|bull,1.5,SL_SIGNAL_CANDLE,381,54.4,34.38,-0.1404,0.786
eur|bull,1.5,SL_ATR_0_5,387,55.3,34.37,-0.1408,0.785
eur|bull,1.5,SL_AOI_NEAR_PLUS_0_25,387,55.3,33.59,-0.1451,0.778
eur|bull,1.5,SL_ATR_1_5,387,55.3,33.33,-0.1622,0.756
eur|bull,1.5,SL_ATR_1_0,387,55.3,32.82,-0.1796,0.733
eur|bull,1.5,SL_AOI_NEAR,387,55.3,32.56,-0.1739,0.739
eur|bull,1.5,SL_ATR_2_0,387,55.3,32.56,-0.1821,0.729
eur|bull,1.5,SL_AOI_FAR,387,55.3,31.52,-0.1907,0.715
eur|bull,1.5,SL_AOI_FAR_PLUS_0_25,387,55.3,31.27,-0.1896,0.715
eur|bull,1.5,SL_AOI_NEAR_PLUS_0_5,387,55.3,30.23,-0.2291,0.666
eur|bull,2.0,SL_SIGNAL_CANDLE_PLUS_0_25,387,55.3,33.85,0.0202,1.031
eur|bull,2.0,SL_ATR_0_5,387,55.3,29.72,-0.1085,0.846
eur|bull,2.0,SL_SIGNAL_CANDLE,381,54.4,29.4,-0.1128,0.84
eur|bull,2.0,SL_ATR_2_0,387,55.3,27.39,-0.1631,0.772
eur|bull,2.0,SL_AOI_NEAR,387,55.3,27.13,-0.168,0.766
eur|bull,2.0,SL_AOI_FAR,387,55.3,26.1,-0.1833,0.745
eur|bull,2.0,SL_AOI_NEAR_PLUS_0_25,387,55.3,26.1,-0.1923,0.734
eur|bull,2.0,SL_AOI_FAR_PLUS_0_25,387,55.3,25.84,-0.184,0.742
eur|bull,2.0,SL_ATR_1_5,387,55.3,25.32,-0.2359,0.683
eur|bull,2.0,SL_ATR_1_0,387,55.3,25.06,-0.2481,0.669
eur|bull,2.0,SL_AOI_NEAR_PLUS_0_5,387,55.3,23.77,-0.2546,0.656
eur|bull,2.2,SL_SIGNAL_CANDLE_PLUS_0_25,387,55.3,31.27,0.0053,1.008
eur|bull,2.2,SL_SIGNAL_CANDLE,381,54.4,28.35,-0.0876,0.877
eur|bull,2.2,SL_ATR_0_5,387,55.3,27.65,-0.1152,0.841
eur|bull,2.2,SL_AOI_NEAR,387,55.3,26.36,-0.1386,0.809
eur|bull,2.2,SL_AOI_FAR,387,55.3,25.32,-0.1559,0.785
eur|bull,2.2,SL_ATR_2_0,387,55.3,25.06,-0.1621,0.778
eur|bull,2.2,SL_AOI_FAR_PLUS_0_25,387,55.3,24.29,-0.1742,0.761
eur|bull,2.2,SL_ATR_1_5,387,55.3,24.29,-0.2183,0.711
eur|bull,2.2,SL_ATR_1_0,387,55.3,23.77,-0.2393,0.686
eur|bull,2.2,SL_AOI_NEAR_PLUS_0_25,387,55.3,23.51,-0.2199,0.705
eur|bull,2.2,SL_AOI_NEAR_PLUS_0_5,387,55.3,23.51,-0.2153,0.71
eur|bull,2.5,SL_SIGNAL_CANDLE_PLUS_0_25,387,55.3,28.94,0.0177,1.025
eur|bull,2.5,SL_SIGNAL_CANDLE,381,54.4,27.56,-0.0301,0.958
eur|bull,2.5,SL_ATR_0_5,387,55.3,26.36,-0.0775,0.895
eur|bull,2.5,SL_AOI_NEAR,387,55.3,25.32,-0.0927,0.874
eur|bull,2.5,SL_ATR_2_0,387,55.3,23.26,-0.1389,0.813
eur|bull,2.5,SL_AOI_NEAR_PLUS_0_25,387,55.3,22.74,-0.1765,0.766
eur|bull,2.5,SL_AOI_FAR,387,55.3,22.48,-0.1638,0.781
eur|bull,2.5,SL_ATR_1_5,387,55.3,22.48,-0.2052,0.733
eur|bull,2.5,SL_AOI_FAR_PLUS_0_25,387,55.3,21.96,-0.1537,0.792
eur|bull,2.5,SL_AOI_NEAR_PLUS_0_5,387,55.3,21.71,-0.1869,0.752
eur|bull,2.5,SL_ATR_1_0,387,55.3,20.41,-0.2855,0.641
eur|bear,1.2,SL_SIGNAL_CANDLE_PLUS_0_25,336,48.0,49.11,0.0804,1.158
eur|bear,1.2,SL_ATR_1_0,336,48.0,45.83,0.0083,1.015
eur|bear,1.2,SL_AOI_NEAR_PLUS_0_25,336,48.0,44.35,-0.0244,0.956
eur|bear,1.2,SL_AOI_NEAR_PLUS_0_5,336,48.0,44.35,-0.0244,0.956
eur|bear,1.2,SL_ATR_1_5,336,48.0,44.35,-0.0244,0.956
eur|bear,1.2,SL_AOI_FAR_PLUS_0_25,336,48.0,43.75,-0.034,0.939
eur|bear,1.2,SL_ATR_0_5,336,48.0,43.75,-0.0375,0.933
eur|bear,1.2,SL_ATR_2_0,336,48.0,43.75,-0.0375,0.933
eur|bear,1.2,SL_AOI_FAR,336,48.0,43.15,-0.0475,0.916
eur|bear,1.2,SL_SIGNAL_CANDLE,327,46.7,43.12,-0.0514,0.91
eur|bear,1.2,SL_AOI_NEAR,336,48.0,40.18,-0.1161,0.806
eur|bear,1.5,SL_SIGNAL_CANDLE_PLUS_0_25,336,48.0,46.13,0.1533,1.285
eur|bear,1.5,SL_ATR_1_0,336,48.0,41.37,0.0342,1.058
eur|bear,1.5,SL_ATR_0_5,336,48.0,40.48,0.0119,1.02
eur|bear,1.5,SL_SIGNAL_CANDLE,327,46.7,40.37,0.0092,1.015
eur|bear,1.5,SL_AOI_FAR_PLUS_0_25,336,48.0,40.18,0.0126,1.021
eur|bear,1.5,SL_AOI_NEAR_PLUS_0_5,336,48.0,39.88,-0.003,0.995
eur|bear,1.5,SL_AOI_FAR,336,48.0,39.58,-0.0073,0.988
eur|bear,1.5,SL_AOI_NEAR_PLUS_0_25,336,48.0,39.29,-0.0179,0.971
eur|bear,1.5,SL_ATR_2_0,336,48.0,38.69,-0.0327,0.947
eur|bear,1.5,SL_ATR_1_5,336,48.0,37.8,-0.0551,0.911
eur|bear,1.5,SL_AOI_NEAR,336,48.0,36.01,-0.0997,0.844
eur|bear,2.0,SL_SIGNAL_CANDLE_PLUS_0_25,336,48.0,40.77,0.2232,1.377
eur|bear,2.0,SL_SIGNAL_CANDLE,327,46.7,37.31,0.1193,1.19
eur|bear,2.0,SL_ATR_0_5,336,48.0,35.12,0.0536,1.083
eur|bear,2.0,SL_AOI_NEAR_PLUS_0_25,336,48.0,34.82,0.0567,1.088
eur|bear,2.0,SL_ATR_1_0,336,48.0,33.93,0.0179,1.027
eur|bear,2.0,SL_AOI_FAR,336,48.0,33.63,0.0353,1.054
eur|bear,2.0,SL_AOI_FAR_PLUS_0_25,336,48.0,32.74,0.0212,1.033
eur|bear,2.0,SL_AOI_NEAR_PLUS_0_5,336,48.0,32.74,-0.0063,0.991
eur|bear,2.0,SL_AOI_NEAR,336,48.0,31.85,-0.0375,0.945
eur|bear,2.0,SL_ATR_1_5,336,48.0,30.95,-0.0714,0.897
eur|bear,2.0,SL_ATR_2_0,336,48.0,30.95,-0.0531,0.922
eur|bear,2.2,SL_SIGNAL_CANDLE_PLUS_0_25,336,48.0,38.99,0.2476,1.406
eur|bear,2.2,SL_SIGNAL_CANDLE,327,46.7,36.09,0.1547,1.242
eur|bear,2.2,SL_ATR_0_5,336,48.0,33.93,0.0857,1.13
eur|bear,2.2,SL_AOI_NEAR_PLUS_0_25,336,48.0,32.44,0.0501,1.075
eur|bear,2.2,SL_ATR_1_0,336,48.0,32.14,0.0286,1.042
eur|bear,2.2,SL_AOI_NEAR_PLUS_0_5,336,48.0,31.55,0.0344,1.051
eur|bear,2.2,SL_AOI_FAR_PLUS_0_25,336,48.0,30.95,0.0362,1.055
eur|bear,2.2,SL_AOI_NEAR,336,48.0,30.36,-0.016,0.977
eur|bear,2.2,SL_AOI_FAR,336,48.0,29.76,-0.0006,0.999
eur|bear,2.2,SL_ATR_2_0,336,48.0,29.76,-0.0293,0.958
eur|bear,2.2,SL_ATR_1_5,336,48.0,29.17,-0.0667,0.906
eur|bear,2.5,SL_SIGNAL_CANDLE_PLUS_0_25,336,48.0,36.31,0.2708,1.425
eur|bear,2.5,SL_SIGNAL_CANDLE,327,46.7,34.56,0.2095,1.32
eur|bear,2.5,SL_ATR_0_5,336,48.0,30.65,0.0729,1.105
eur|bear,2.5,SL_AOI_NEAR_PLUS_0_25,336,48.0,29.76,0.0679,1.098
eur|bear,2.5,SL_AOI_NEAR_PLUS_0_5,336,48.0,29.46,0.0562,1.081
eur|bear,2.5,SL_AOI_NEAR,336,48.0,29.17,0.0334,1.048
eur|bear,2.5,SL_AOI_FAR,336,48.0,28.27,0.0366,1.053
eur|bear,2.5,SL_ATR_1_0,336,48.0,27.98,-0.0208,0.971
eur|bear,2.5,SL_AOI_FAR_PLUS_0_25,336,48.0,26.49,-0.0104,0.985
eur|bear,2.5,SL_ATR_1_5,336,48.0,26.19,-0.0782,0.894
eur|bear,2.5,SL_ATR_2_0,336,48.0,25.89,-0.0712,0.902
gbp|bull,1.2,SL_SIGNAL_CANDLE_PLUS_0_25,370,52.9,48.65,0.0752,1.147
gbp|bull,1.2,SL_AOI_FAR,370,52.9,45.95,0.0315,1.06
gbp|bull,1.2,SL_ATR_2_0,370,52.9,45.14,-0.007,0.987
gbp|bull,1.2,SL_AOI_NEAR_PLUS_0_25,370,52.9,44.86,0.0054,1.01
gbp|bull,1.2,SL_ATR_1_5,370,52.9,44.59,-0.0189,0.966
gbp|bull,1.2,SL_AOI_FAR_PLUS_0_25,370,52.9,44.32,0.0093,1.017
gbp|bull,1.2,SL_SIGNAL_CANDLE,369,52.7,43.63,-0.0401,0.929
gbp|bull,1.2,SL_AOI_NEAR_PLUS_0_5,370,52.9,43.51,-0.017,0.969
gbp|bull,1.2,SL_ATR_1_0,370,52.9,43.51,-0.0427,0.924
gbp|bull,1.2,SL_AOI_NEAR,370,52.9,41.62,-0.0711,0.876
gbp|bull,1.2,SL_ATR_0_5,370,52.9,40.54,-0.1081,0.818
gbp|bull,1.5,SL_SIGNAL_CANDLE_PLUS_0_25,370,52.9,42.7,0.0725,1.127
gbp|bull,1.5,SL_SIGNAL_CANDLE,369,52.7,40.92,0.023,1.039
gbp|bull,1.5,SL_ATR_2_0,370,52.9,40.27,0.0068,1.011
gbp|bull,1.5,SL_AOI_NEAR_PLUS_0_25,370,52.9,39.73,0.0168,1.028
gbp|bull,1.5,SL_AOI_NEAR,370,52.9,39.19,-0.0017,0.997
gbp|bull,1.5,SL_ATR_1_5,370,52.9,39.19,-0.0203,0.967
gbp|bull,1.5,SL_AOI_FAR,370,52.9,38.65,-0.0035,0.994
gbp|bull,1.5,SL_AOI_FAR_PLUS_0_25,370,52.9,38.38,0.0023,1.004
gbp|bull,1.5,SL_AOI_NEAR_PLUS_0_5,370,52.9,37.57,-0.0264,0.956
gbp|bull,1.5,SL_ATR_0_5,370,52.9,36.76,-0.0811,0.872
gbp|bull,1.5,SL_ATR_1_0,370,52.9,36.49,-0.0878,0.862
gbp|bull,2.0,SL_SIGNAL_CANDLE_PLUS_0_25,370,52.9,38.92,0.1725,1.284
gbp|bull,2.0,SL_SIGNAL_CANDLE,369,52.7,38.21,0.1463,1.237
gbp|bull,2.0,SL_ATR_0_5,370,52.9,33.51,0.0054,1.008
gbp|bull,2.0,SL_ATR_2_0,370,52.9,33.51,0.0132,1.02
gbp|bull,2.0,SL_AOI_FAR,370,52.9,32.7,0.0303,1.047
gbp|bull,2.0,SL_ATR_1_5,370,52.9,32.43,-0.027,0.96
gbp|bull,2.0,SL_AOI_NEAR,370,52.9,32.16,-0.0073,0.989
gbp|bull,2.0,SL_AOI_NEAR_PLUS_0_25,370,52.9,31.62,-0.007,0.989
gbp|bull,2.0,SL_ATR_1_0,370,52.9,30.81,-0.0757,0.891
gbp|bull,2.0,SL_AOI_FAR_PLUS_0_25,370,52.9,30.54,-0.0268,0.959
gbp|bull,2.0,SL_AOI_NEAR_PLUS_0_5,370,52.9,30.54,-0.0379,0.943
gbp|bull,2.2,SL_SIGNAL_CANDLE_PLUS_0_25,370,52.9,36.76,0.1812,1.288
gbp|bull,2.2,SL_SIGNAL_CANDLE,369,52.7,36.59,0.1707,1.269
gbp|bull,2.2,SL_ATR_0_5,370,52.9,31.08,-0.0054,0.992
gbp|bull,2.2,SL_ATR_1_5,370,52.9,31.08,-0.0054,0.992
gbp|bull,2.2,SL_ATR_2_0,370,52.9,30.81,0.0108,1.016
gbp|bull,2.2,SL_AOI_NEAR_PLUS_0_25,370,52.9,30.27,0.013,1.019
gbp|bull,2.2,SL_AOI_FAR,370,52.9,30.0,0.0138,1.021
gbp|bull,2.2,SL_AOI_NEAR,370,52.9,30.0,-0.0052,0.992
gbp|bull,2.2,SL_ATR_1_0,370,52.9,28.92,-0.0746,0.895
gbp|bull,2.2,SL_AOI_FAR_PLUS_0_25,370,52.9,28.65,-0.0177,0.974
gbp|bull,2.2,SL_AOI_NEAR_PLUS_0_5,370,52.9,27.84,-0.0633,0.909
gbp|bull,2.5,SL_SIGNAL_CANDLE,369,52.7,35.5,0.2425,1.376
gbp|bull,2.5,SL_SIGNAL_CANDLE_PLUS_0_25,370,52.9,34.05,0.1968,1.3
gbp|bull,2.5,SL_ATR_0_5,370,52.9,28.92,0.0122,1.017
gbp|bull,2.5,SL_AOI_NEAR,370,52.9,28.65,0.0375,1.054
gbp|bull,2.5,SL_AOI_NEAR_PLUS_0_25,370,52.9,28.38,0.0376,1.054
gbp|bull,2.5,SL_ATR_2_0,370,52.9,28.38,0.0302,1.043
gbp|bull,2.5,SL_ATR_1_5,370,52.9,28.11,-0.0134,0.981
gbp|bull,2.5,SL_ATR_1_0,370,52.9,26.76,-0.0635,0.913
gbp|bull,2.5,SL_AOI_FAR,370,52.9,26.49,-0.0095,0.986
gbp|bull,2.5,SL_AOI_NEAR_PLUS_0_5,370,52.9,24.86,-0.0751,0.896
gbp|bull,2.5,SL_AOI_FAR_PLUS_0_25,370,52.9,24.59,-0.0461,0.934
gbp|bear,1.2,SL_ATR_1_5,347,49.6,50.72,0.1159,1.235
gbp|bear,1.2,SL_ATR_2_0,347,49.6,48.99,0.0778,1.153
gbp|bear,1.2,SL_SIGNAL_CANDLE_PLUS_0_25,342,48.9,48.83,0.0743,1.145
gbp|bear,1.2,SL_AOI_FAR,347,49.6,48.7,0.0891,1.178
gbp|bear,1.2,SL_ATR_1_0,347,49.6,47.84,0.0524,1.101
gbp|bear,1.2,SL_AOI_FAR_PLUS_0_25,347,49.6,46.69,0.0503,1.098
gbp|bear,1.2,SL_AOI_NEAR_PLUS_0_5,347,49.6,45.53,0.0136,1.025
gbp|bear,1.2,SL_AOI_NEAR_PLUS_0_25,347,49.6,44.38,-0.0116,0.979
gbp|bear,1.2,SL_ATR_0_5,347,49.6,44.38,-0.0236,0.958
gbp|bear,1.2,SL_AOI_NEAR,347,49.6,41.79,-0.0758,0.869
gbp|bear,1.2,SL_SIGNAL_CANDLE,326,46.6,39.88,-0.1227,0.796
gbp|bear,1.5,SL_SIGNAL_CANDLE_PLUS_0_25,342,48.9,44.74,0.1184,1.214
gbp|bear,1.5,SL_ATR_1_0,347,49.6,43.8,0.0951,1.169
gbp|bear,1.5,SL_ATR_1_5,347,49.6,42.94,0.0735,1.129
gbp|bear,1.5,SL_ATR_2_0,347,49.6,42.65,0.0663,1.116
gbp|bear,1.5,SL_AOI_FAR,347,49.6,41.21,0.057,1.1
gbp|bear,1.5,SL_AOI_FAR_PLUS_0_25,347,49.6,40.92,0.0625,1.111
gbp|bear,1.5,SL_ATR_0_5,347,49.6,40.63,0.0159,1.027
gbp|bear,1.5,SL_AOI_NEAR_PLUS_0_25,347,49.6,39.77,0.0107,1.018
gbp|bear,1.5,SL_AOI_NEAR_PLUS_0_5,347,49.6,39.48,0.0034,1.006
gbp|bear,1.5,SL_SIGNAL_CANDLE,326,46.6,38.04,-0.0491,0.921
gbp|bear,1.5,SL_AOI_NEAR,347,49.6,37.75,-0.0477,0.923
gbp|bear,2.0,SL_SIGNAL_CANDLE_PLUS_0_25,342,48.9,39.18,0.1754,1.288
gbp|bear,2.0,SL_AOI_FAR,347,49.6,37.18,0.1558,1.259
gbp|bear,2.0,SL_ATR_2_0,347,49.6,36.31,0.1043,1.166
gbp|bear,2.0,SL_ATR_0_5,347,49.6,35.73,0.072,1.112
gbp|bear,2.0,SL_ATR_1_0,347,49.6,35.45,0.0634,1.098
gbp|bear,2.0,SL_SIGNAL_CANDLE,326,46.6,35.28,0.0583,1.09
gbp|bear,2.0,SL_ATR_1_5,347,49.6,35.16,0.0548,1.084
gbp|bear,2.0,SL_AOI_NEAR_PLUS_0_5,347,49.6,33.72,0.0471,1.073
gbp|bear,2.0,SL_AOI_FAR_PLUS_0_25,347,49.6,32.56,0.0549,1.087
gbp|bear,2.0,SL_AOI_NEAR,347,49.6,32.56,-0.0103,0.984
gbp|bear,2.0,SL_AOI_NEAR_PLUS_0_25,347,49.6,32.56,-0.0014,0.998
gbp|bear,2.2,SL_SIGNAL_CANDLE_PLUS_0_25,342,48.9,37.13,0.1883,1.3
gbp|bear,2.2,SL_ATR_1_5,347,49.6,34.01,0.0944,1.144
gbp|bear,2.2,SL_ATR_2_0,347,49.6,34.01,0.1109,1.171
gbp|bear,2.2,SL_SIGNAL_CANDLE,326,46.6,33.74,0.0798,1.12
gbp|bear,2.2,SL_AOI_FAR,347,49.6,33.14,0.1214,1.191
gbp|bear,2.2,SL_ATR_0_5,347,49.6,33.14,0.0605,1.091
gbp|bear,2.2,SL_ATR_1_0,347,49.6,33.14,0.0605,1.091
gbp|bear,2.2,SL_AOI_NEAR_PLUS_0_5,347,49.6,31.7,0.05,1.076
gbp|bear,2.2,SL_AOI_NEAR_PLUS_0_25,347,49.6,31.12,0.0326,1.049
gbp|bear,2.2,SL_AOI_FAR_PLUS_0_25,347,49.6,30.26,0.0627,1.097
gbp|bear,2.2,SL_AOI_NEAR,347,49.6,30.26,-0.0137,0.98
gbp|bear,2.5,SL_SIGNAL_CANDLE_PLUS_0_25,342,48.9,35.67,0.2485,1.386
gbp|bear,2.5,SL_SIGNAL_CANDLE,326,46.6,32.52,0.138,1.205
gbp|bear,2.5,SL_ATR_1_5,347,49.6,31.7,0.1158,1.17
gbp|bear,2.5,SL_ATR_0_5,347,49.6,31.41,0.0994,1.145
gbp|bear,2.5,SL_ATR_1_0,347,49.6,30.84,0.0793,1.115
gbp|bear,2.5,SL_ATR_2_0,347,49.6,30.26,0.1037,1.154
gbp|bear,2.5,SL_AOI_FAR,347,49.6,29.97,0.1406,1.215
gbp|bear,2.5,SL_AOI_NEAR_PLUS_0_25,347,49.6,29.39,0.0654,1.096
gbp|bear,2.5,SL_AOI_NEAR,347,49.6,28.24,0.0224,1.032
gbp|bear,2.5,SL_AOI_NEAR_PLUS_0_5,347,49.6,27.09,0.0166,1.024
gbp|bear,2.5,SL_AOI_FAR_PLUS_0_25,347,49.6,26.8,0.0525,1.078
jpy|bull,1.2,SL_SIGNAL_CANDLE_PLUS_0_25,779,111.3,50.96,0.1212,1.247
jpy|bull,1.2,SL_ATR_1_0,782,111.7,48.34,0.0634,1.123
jpy|bull,1.2,SL_ATR_1_5,782,111.7,48.08,0.0578,1.111
jpy|bull,1.2,SL_AOI_FAR,782,111.7,47.7,0.0584,1.113
jpy|bull,1.2,SL_AOI_FAR_PLUS_0_25,782,111.7,47.31,0.0499,1.096
jpy|bull,1.2,SL_AOI_NEAR_PLUS_0_5,782,111.7,46.93,0.0384,1.073
jpy|bull,1.2,SL_SIGNAL_CANDLE,772,110.3,46.89,0.0316,1.06
jpy|bull,1.2,SL_ATR_2_0,782,111.7,46.8,0.032,1.06
jpy|bull,1.2,SL_AOI_NEAR_PLUS_0_25,782,111.7,46.29,0.0227,1.043
jpy|bull,1.2,SL_ATR_0_5,782,111.7,45.27,-0.0041,0.993
jpy|bull,1.2,SL_AOI_NEAR,782,111.7,44.63,-0.0156,0.972
jpy|bull,1.5,SL_SIGNAL_CANDLE_PLUS_0_25,779,111.3,46.85,0.1714,1.322
jpy|bull,1.5,SL_SIGNAL_CANDLE,772,110.3,44.82,0.1205,1.218
jpy|bull,1.5,SL_ATR_1_0,782,111.7,43.48,0.087,1.154
jpy|bull,1.5,SL_ATR_1_5,782,111.7,42.33,0.0582,1.101
jpy|bull,1.5,SL_AOI_FAR,782,111.7,41.82,0.0567,1.099
jpy|bull,1.5,SL_AOI_NEAR_PLUS_0_25,782,111.7,41.82,0.0497,1.086
jpy|bull,1.5,SL_AOI_FAR_PLUS_0_25,782,111.7,41.3,0.047,1.082
jpy|bull,1.5,SL_ATR_2_0,782,111.7,41.3,0.0389,1.067
jpy|bull,1.5,SL_AOI_NEAR_PLUS_0_5,782,111.7,41.18,0.0378,1.065
jpy|bull,1.5,SL_AOI_NEAR,782,111.7,40.54,0.016,1.027
jpy|bull,1.5,SL_ATR_0_5,782,111.7,40.54,0.0134,1.023
jpy|bull,2.0,SL_SIGNAL_CANDLE,772,110.3,41.97,0.2591,1.446
jpy|bull,2.0,SL_SIGNAL_CANDLE_PLUS_0_25,779,111.3,41.21,0.2362,1.402
jpy|bull,2.0,SL_ATR_1_0,782,111.7,36.19,0.0857,1.134
jpy|bull,2.0,SL_ATR_0_5,782,111.7,35.55,0.0665,1.103
jpy|bull,2.0,SL_AOI_NEAR,782,111.7,35.29,0.0642,1.1
jpy|bull,2.0,SL_AOI_NEAR_PLUS_0_25,782,111.7,35.04,0.0667,1.104
jpy|bull,2.0,SL_ATR_2_0,782,111.7,34.91,0.0626,1.098
jpy|bull,2.0,SL_AOI_FAR_PLUS_0_25,782,111.7,34.65,0.0873,1.139
jpy|bull,2.0,SL_ATR_1_5,782,111.7,34.65,0.0407,1.062
jpy|bull,2.0,SL_AOI_FAR,782,111.7,34.4,0.063,1.099
jpy|bull,2.0,SL_AOI_NEAR_PLUS_0_5,782,111.7,34.27,0.0507,1.079
jpy|bull,2.2,SL_SIGNAL_CANDLE,772,110.3,40.16,0.285,1.476
jpy|bull,2.2,SL_SIGNAL_CANDLE_PLUS_0_25,779,111.3,39.41,0.2611,1.431
jpy|bull,2.2,SL_ATR_1_0,782,111.7,34.53,0.1049,1.16
jpy|bull,2.2,SL_ATR_0_5,782,111.7,34.27,0.0967,1.147
jpy|bull,2.2,SL_AOI_NEAR,782,111.7,33.5,0.0849,1.129
jpy|bull,2.2,SL_ATR_2_0,782,111.7,33.25,0.0846,1.129
jpy|bull,2.2,SL_AOI_NEAR_PLUS_0_5,782,111.7,32.35,0.0648,1.098
jpy|bull,2.2,SL_ATR_1_5,782,111.7,32.35,0.0418,1.062
jpy|bull,2.2,SL_AOI_FAR_PLUS_0_25,782,111.7,32.23,0.0935,1.145
jpy|bull,2.2,SL_AOI_FAR,782,111.7,31.97,0.0638,1.097
jpy|bull,2.2,SL_AOI_NEAR_PLUS_0_25,782,111.7,31.97,0.0444,1.066
jpy|bull,2.5,SL_SIGNAL_CANDLE,772,110.3,38.47,0.3465,1.563
jpy|bull,2.5,SL_SIGNAL_CANDLE_PLUS_0_25,779,111.3,36.59,0.2835,1.448
jpy|bull,2.5,SL_ATR_0_5,782,111.7,31.59,0.1055,1.154
jpy|bull,2.5,SL_ATR_1_0,782,111.7,30.95,0.0831,1.12
jpy|bull,2.5,SL_AOI_NEAR,782,111.7,30.69,0.0918,1.134
jpy|bull,2.5,SL_ATR_2_0,782,111.7,30.18,0.0846,1.124
jpy|bull,2.5,SL_ATR_1_5,782,111.7,30.05,0.0583,1.084
jpy|bull,2.5,SL_AOI_NEAR_PLUS_0_25,782,111.7,29.54,0.0693,1.101
jpy|bull,2.5,SL_AOI_FAR,782,111.7,29.41,0.0936,1.139
jpy|bull,2.5,SL_AOI_FAR_PLUS_0_25,782,111.7,28.64,0.0886,1.133
jpy|bull,2.5,SL_AOI_NEAR_PLUS_0_5,782,111.7,28.52,0.0536,1.078
jpy|bear,1.2,SL_SIGNAL_CANDLE_PLUS_0_25,667,95.3,43.03,-0.0534,0.906
jpy|bear,1.2,SL_AOI_NEAR_PLUS_0_25,673,96.1,41.9,-0.0782,0.865
jpy|bear,1.2,SL_ATR_0_5,673,96.1,41.9,-0.0782,0.865
jpy|bear,1.2,SL_AOI_FAR,673,96.1,41.6,-0.0821,0.859
jpy|bear,1.2,SL_ATR_1_0,673,96.1,41.46,-0.088,0.85
jpy|bear,1.2,SL_AOI_NEAR_PLUS_0_5,673,96.1,40.71,-0.1018,0.828
jpy|bear,1.2,SL_ATR_1_5,673,96.1,39.52,-0.1305,0.784
jpy|bear,1.2,SL_ATR_2_0,673,96.1,39.38,-0.1322,0.781
jpy|bear,1.2,SL_AOI_FAR_PLUS_0_25,673,96.1,39.23,-0.1316,0.782
jpy|bear,1.2,SL_AOI_NEAR,673,96.1,39.23,-0.137,0.775
jpy|bear,1.2,SL_SIGNAL_CANDLE,629,89.9,36.25,-0.2025,0.682
jpy|bear,1.5,SL_SIGNAL_CANDLE_PLUS_0_25,667,95.3,39.88,-0.003,0.995
jpy|bear,1.5,SL_ATR_0_5,673,96.1,37.44,-0.0639,0.898
jpy|bear,1.5,SL_AOI_NEAR_PLUS_0_25,673,96.1,36.55,-0.0862,0.864
jpy|bear,1.5,SL_ATR_1_0,673,96.1,36.11,-0.0973,0.848
jpy|bear,1.5,SL_AOI_NEAR_PLUS_0_5,673,96.1,35.51,-0.1096,0.829
jpy|bear,1.5,SL_ATR_2_0,673,96.1,35.36,-0.1144,0.823
jpy|bear,1.5,SL_AOI_FAR,673,96.1,34.92,-0.1212,0.812
jpy|bear,1.5,SL_AOI_FAR_PLUS_0_25,673,96.1,34.62,-0.1227,0.81
jpy|bear,1.5,SL_AOI_NEAR,673,96.1,34.62,-0.1345,0.794
jpy|bear,1.5,SL_SIGNAL_CANDLE,629,89.9,34.34,-0.1415,0.785
jpy|bear,1.5,SL_ATR_1_5,673,96.1,34.18,-0.1456,0.779
jpy|bear,2.0,SL_SIGNAL_CANDLE_PLUS_0_25,667,95.3,35.68,0.0705,1.11
jpy|bear,2.0,SL_ATR_0_5,673,96.1,32.84,-0.0149,0.978
jpy|bear,2.0,SL_SIGNAL_CANDLE,629,89.9,31.64,-0.0509,0.926
jpy|bear,2.0,SL_ATR_1_0,673,96.1,30.01,-0.0996,0.858
jpy|bear,2.0,SL_AOI_NEAR_PLUS_0_25,673,96.1,29.87,-0.1008,0.856
jpy|bear,2.0,SL_AOI_NEAR_PLUS_0_5,673,96.1,29.72,-0.0939,0.864
jpy|bear,2.0,SL_ATR_1_5,673,96.1,29.27,-0.1218,0.828
jpy|bear,2.0,SL_AOI_FAR,673,96.1,29.12,-0.1037,0.85
jpy|bear,2.0,SL_AOI_NEAR,673,96.1,29.12,-0.1232,0.826
jpy|bear,2.0,SL_AOI_FAR_PLUS_0_25,673,96.1,28.97,-0.0953,0.861
jpy|bear,2.0,SL_ATR_2_0,673,96.1,27.93,-0.1519,0.787
jpy|bear,2.2,SL_SIGNAL_CANDLE_PLUS_0_25,667,95.3,32.83,0.0549,1.082
jpy|bear,2.2,SL_ATR_0_5,673,96.1,31.2,-0.0015,0.998
jpy|bear,2.2,SL_SIGNAL_CANDLE,629,89.9,30.52,-0.0232,0.967
jpy|bear,2.2,SL_AOI_NEAR_PLUS_0_5,673,96.1,28.53,-0.0725,0.897
jpy|bear,2.2,SL_ATR_1_0,673,96.1,27.64,-0.1156,0.84
jpy|bear,2.2,SL_ATR_1_5,673,96.1,27.64,-0.1156,0.84
jpy|bear,2.2,SL_AOI_FAR,673,96.1,27.49,-0.0882,0.875
jpy|bear,2.2,SL_AOI_NEAR,673,96.1,27.49,-0.1156,0.84
jpy|bear,2.2,SL_AOI_NEAR_PLUS_0_25,673,96.1,27.49,-0.1112,0.845
jpy|bear,2.2,SL_ATR_2_0,673,96.1,26.15,-0.1474,0.798
jpy|bear,2.2,SL_AOI_FAR_PLUS_0_25,673,96.1,26.0,-0.1087,0.846
jpy|bear,2.5,SL_SIGNAL_CANDLE_PLUS_0_25,667,95.3,30.58,0.0747,1.108
jpy|bear,2.5,SL_ATR_0_5,673,96.1,28.97,0.0141,1.02
jpy|bear,2.5,SL_SIGNAL_CANDLE,629,89.9,28.93,0.0176,1.025
jpy|bear,2.5,SL_AOI_NEAR_PLUS_0_25,673,96.1,26.0,-0.0772,0.894
jpy|bear,2.5,SL_ATR_1_0,673,96.1,25.56,-0.1055,0.858
jpy|bear,2.5,SL_AOI_NEAR,673,96.1,25.26,-0.1067,0.856
jpy|bear,2.5,SL_AOI_NEAR_PLUS_0_5,673,96.1,25.26,-0.076,0.895
jpy|bear,2.5,SL_ATR_1_5,673,96.1,24.67,-0.1288,0.828
jpy|bear,2.5,SL_AOI_FAR,673,96.1,24.22,-0.0923,0.873
jpy|bear,2.5,SL_AOI_FAR_PLUS_0_25,673,96.1,23.48,-0.0995,0.862
jpy|bear,2.5,SL_ATR_2_0,673,96.1,22.59,-0.1781,0.765
usd|bull,1.2,SL_SIGNAL_CANDLE_PLUS_0_25,338,48.3,49.41,0.087,1.172
usd|bull,1.2,SL_ATR_0_5,338,48.3,47.04,0.0349,1.066
usd|bull,1.2,SL_SIGNAL_CANDLE,330,47.1,46.06,0.0133,1.025
usd|bull,1.2,SL_ATR_1_0,338,48.3,45.27,-0.0041,0.992
usd|bull,1.2,SL_AOI_FAR_PLUS_0_25,338,48.3,44.08,-0.0135,0.975
usd|bull,1.2,SL_AOI_NEAR_PLUS_0_5,338,48.3,43.79,-0.0215,0.961
usd|bull,1.2,SL_ATR_2_0,338,48.3,42.31,-0.0692,0.88
usd|bull,1.2,SL_AOI_FAR,338,48.3,41.12,-0.0843,0.855
usd|bull,1.2,SL_AOI_NEAR_PLUS_0_25,338,48.3,41.12,-0.0857,0.853
usd|bull,1.2,SL_ATR_1_5,338,48.3,40.53,-0.1083,0.818
usd|bull,1.2,SL_AOI_NEAR,338,48.3,37.87,-0.1572,0.744
usd|bull,1.5,SL_SIGNAL_CANDLE_PLUS_0_25,338,48.3,44.08,0.1021,1.183
usd|bull,1.5,SL_SIGNAL_CANDLE,330,47.1,43.33,0.0833,1.147
usd|bull,1.5,SL_ATR_0_5,338,48.3,42.9,0.0725,1.127
usd|bull,1.5,SL_AOI_FAR_PLUS_0_25,338,48.3,39.05,-0.0008,0.999
usd|bull,1.5,SL_ATR_1_0,338,48.3,39.05,-0.0237,0.961
usd|bull,1.5,SL_AOI_NEAR_PLUS_0_25,338,48.3,38.46,-0.0284,0.953
usd|bull,1.5,SL_AOI_NEAR_PLUS_0_5,338,48.3,37.87,-0.0311,0.949
usd|bull,1.5,SL_AOI_FAR,338,48.3,36.98,-0.0582,0.906
usd|bull,1.5,SL_ATR_2_0,338,48.3,35.8,-0.105,0.836
usd|bull,1.5,SL_ATR_1_5,338,48.3,35.21,-0.1198,0.815
usd|bull,1.5,SL_AOI_NEAR,338,48.3,34.02,-0.1398,0.786
usd|bull,2.0,SL_SIGNAL_CANDLE,330,47.1,39.39,0.1818,1.3
usd|bull,2.0,SL_SIGNAL_CANDLE_PLUS_0_25,338,48.3,38.76,0.1627,1.266
usd|bull,2.0,SL_ATR_0_5,338,48.3,36.98,0.1095,1.174
usd|bull,2.0,SL_AOI_NEAR_PLUS_0_25,338,48.3,34.02,0.0372,1.057
usd|bull,2.0,SL_AOI_NEAR_PLUS_0_5,338,48.3,31.07,-0.0459,0.932
usd|bull,2.0,SL_ATR_2_0,338,48.3,31.07,-0.068,0.901
usd|bull,2.0,SL_AOI_NEAR,338,48.3,30.77,-0.0607,0.911
usd|bull,2.0,SL_AOI_FAR,338,48.3,30.47,-0.0601,0.912
usd|bull,2.0,SL_ATR_1_0,338,48.3,30.47,-0.0858,0.877
usd|bull,2.0,SL_AOI_FAR_PLUS_0_25,338,48.3,29.88,-0.0648,0.904
usd|bull,2.0,SL_ATR_1_5,338,48.3,29.29,-0.1213,0.828
usd|bull,2.2,SL_SIGNAL_CANDLE,330,47.1,38.48,0.2315,1.376
usd|bull,2.2,SL_SIGNAL_CANDLE_PLUS_0_25,338,48.3,36.09,0.155,1.243
usd|bull,2.2,SL_ATR_0_5,338,48.3,33.43,0.0698,1.105
usd|bull,2.2,SL_AOI_NEAR_PLUS_0_25,338,48.3,31.66,0.0295,1.044
usd|bull,2.2,SL_AOI_NEAR,338,48.3,29.88,-0.0275,0.96
usd|bull,2.2,SL_ATR_2_0,338,48.3,29.59,-0.045,0.936
usd|bull,2.2,SL_ATR_1_0,338,48.3,29.29,-0.0627,0.911
usd|bull,2.2,SL_AOI_FAR,338,48.3,27.81,-0.0774,0.89
usd|bull,2.2,SL_AOI_NEAR_PLUS_0_5,338,48.3,27.81,-0.084,0.881
usd|bull,2.2,SL_ATR_1_5,338,48.3,27.81,-0.1101,0.848
usd|bull,2.2,SL_AOI_FAR_PLUS_0_25,338,48.3,27.51,-0.0601,0.913
usd|bull,2.5,SL_SIGNAL_CANDLE,330,47.1,37.27,0.3045,1.486
usd|bull,2.5,SL_SIGNAL_CANDLE_PLUS_0_25,338,48.3,34.02,0.1908,1.289
usd|bull,2.5,SL_ATR_0_5,338,48.3,31.07,0.0873,1.127
usd|bull,2.5,SL_AOI_NEAR,338,48.3,28.7,0.0248,1.035
usd|bull,2.5,SL_AOI_NEAR_PLUS_0_25,338,48.3,28.7,0.025,1.036
usd|bull,2.5,SL_ATR_2_0,338,48.3,28.11,-0.0021,0.997
usd|bull,2.5,SL_AOI_NEAR_PLUS_0_5,338,48.3,26.33,-0.0523,0.927
usd|bull,2.5,SL_ATR_1_5,338,48.3,26.33,-0.0784,0.894
usd|bull,2.5,SL_ATR_1_0,338,48.3,26.04,-0.0888,0.88
usd|bull,2.5,SL_AOI_FAR_PLUS_0_25,338,48.3,25.44,-0.0327,0.954
usd|bull,2.5,SL_AOI_FAR,338,48.3,23.37,-0.1285,0.826
usd|bear,1.2,SL_SIGNAL_CANDLE_PLUS_0_25,362,51.7,48.9,0.0757,1.148
usd|bear,1.2,SL_ATR_1_0,364,52.0,46.43,0.0214,1.04
usd|bear,1.2,SL_ATR_0_5,364,52.0,45.88,0.0093,1.017
usd|bear,1.2,SL_AOI_NEAR_PLUS_0_25,364,52.0,44.23,-0.0269,0.952
usd|bear,1.2,SL_AOI_NEAR_PLUS_0_5,364,52.0,44.23,-0.0209,0.962
usd|bear,1.2,SL_SIGNAL_CANDLE,345,49.3,44.06,-0.0307,0.945
usd|bear,1.2,SL_AOI_FAR_PLUS_0_25,364,52.0,42.86,-0.0448,0.92
usd|bear,1.2,SL_AOI_NEAR,364,52.0,42.86,-0.0571,0.9
usd|bear,1.2,SL_AOI_FAR,364,52.0,42.31,-0.0598,0.895
usd|bear,1.2,SL_ATR_1_5,364,52.0,41.48,-0.0874,0.851
usd|bear,1.2,SL_ATR_2_0,364,52.0,41.21,-0.0934,0.841
usd|bear,1.5,SL_SIGNAL_CANDLE_PLUS_0_25,362,51.7,45.03,0.1257,1.229
usd|bear,1.5,SL_ATR_0_5,364,52.0,44.23,0.1058,1.19
usd|bear,1.5,SL_SIGNAL_CANDLE,345,49.3,42.32,0.058,1.101
usd|bear,1.5,SL_ATR_1_0,364,52.0,40.11,0.0027,1.005
usd|bear,1.5,SL_AOI_NEAR,364,52.0,38.19,-0.0373,0.939
usd|bear,1.5,SL_AOI_NEAR_PLUS_0_25,364,52.0,38.19,-0.0374,0.939
usd|bear,1.5,SL_AOI_NEAR_PLUS_0_5,364,52.0,37.64,-0.0443,0.928
usd|bear,1.5,SL_AOI_FAR_PLUS_0_25,364,52.0,36.81,-0.0556,0.91
usd|bear,1.5,SL_ATR_2_0,364,52.0,36.54,-0.0865,0.864
usd|bear,1.5,SL_ATR_1_5,364,52.0,35.71,-0.1071,0.833
usd|bear,1.5,SL_AOI_FAR,364,52.0,35.16,-0.0995,0.843
usd|bear,2.0,SL_SIGNAL_CANDLE_PLUS_0_25,362,51.7,41.44,0.2431,1.415
usd|bear,2.0,SL_SIGNAL_CANDLE,345,49.3,40.58,0.2174,1.366
usd|bear,2.0,SL_ATR_0_5,364,52.0,39.29,0.1786,1.294
usd|bear,2.0,SL_AOI_NEAR_PLUS_0_25,364,52.0,34.07,0.0373,1.057
usd|bear,2.0,SL_AOI_NEAR,364,52.0,32.69,-0.0112,0.983
usd|bear,2.0,SL_AOI_NEAR_PLUS_0_5,364,52.0,31.87,-0.0179,0.973
usd|bear,2.0,SL_AOI_FAR_PLUS_0_25,364,52.0,31.59,-0.0129,0.98
usd|bear,2.0,SL_ATR_1_0,364,52.0,30.49,-0.0852,0.877
usd|bear,2.0,SL_AOI_FAR,364,52.0,30.22,-0.072,0.895
usd|bear,2.0,SL_ATR_1_5,364,52.0,30.22,-0.0934,0.866
usd|bear,2.0,SL_ATR_2_0,364,52.0,29.95,-0.1016,0.855
usd|bear,2.2,SL_SIGNAL_CANDLE_PLUS_0_25,362,51.7,38.95,0.2464,1.404
usd|bear,2.2,SL_SIGNAL_CANDLE,345,49.3,38.55,0.2336,1.38
usd|bear,2.2,SL_ATR_0_5,364,52.0,36.26,0.1604,1.252
usd|bear,2.2,SL_AOI_NEAR_PLUS_0_25,364,52.0,32.14,0.0483,1.072
usd|bear,2.2,SL_AOI_NEAR,364,52.0,31.59,0.0191,1.028
usd|bear,2.2,SL_AOI_NEAR_PLUS_0_5,364,52.0,30.22,-0.0069,0.99
usd|bear,2.2,SL_AOI_FAR,364,52.0,29.12,-0.0376,0.945
usd|bear,2.2,SL_ATR_1_5,364,52.0,29.12,-0.0681,0.904
usd|bear,2.2,SL_ATR_1_0,364,52.0,28.85,-0.0769,0.892
usd|bear,2.2,SL_AOI_FAR_PLUS_0_25,364,52.0,28.3,-0.0341,0.95
usd|bear,2.2,SL_ATR_2_0,364,52.0,26.1,-0.1565,0.787
usd|bear,2.5,SL_SIGNAL_CANDLE,345,49.3,37.97,0.329,1.53
usd|bear,2.5,SL_SIGNAL_CANDLE_PLUS_0_25,362,51.7,37.29,0.3052,1.487
usd|bear,2.5,SL_ATR_0_5,364,52.0,32.97,0.1538,1.23
usd|bear,2.5,SL_AOI_NEAR,364,52.0,30.22,0.0703,1.102
usd|bear,2.5,SL_AOI_NEAR_PLUS_0_25,364,52.0,29.67,0.0582,1.084
usd|bear,2.5,SL_AOI_NEAR_PLUS_0_5,364,52.0,27.2,-0.0152,0.979
usd|bear,2.5,SL_ATR_1_0,364,52.0,26.92,-0.0577,0.921
usd|bear,2.5,SL_ATR_1_5,364,52.0,26.65,-0.0673,0.908
usd|bear,2.5,SL_AOI_FAR,364,52.0,25.55,-0.0467,0.934
usd|bear,2.5,SL_AOI_FAR_PLUS_0_25,364,52.0,25.0,-0.0528,0.925
usd|bear,2.5,SL_ATR_2_0,364,52.0,23.63,-0.1581,0.79
