cell,sl,n,tpy,win,exp,pf
comm|bull,SL_ATR_0_5,2003,286.1,31.3,-0.0609,0.911
comm|bull,SL_SIGNAL_CANDLE,2003,286.1,29.86,-0.0951,0.863
comm|bull,SL_SIGNAL_CANDLE_PLUS_0_25,2003,286.1,29.81,-0.0921,0.867
comm|bull,SL_ATR_1_0,2003,286.1,29.76,-0.1073,0.847
comm|bull,SL_AOI_NEAR_PLUS_0_5,2003,286.1,29.51,-0.1083,0.845
comm|bull,SL_AOI_NEAR_PLUS_0_25,2003,286.1,29.46,-0.1123,0.84
comm|bull,SL_ATR_1_5,2003,286.1,29.31,-0.1154,0.836
comm|bull,SL_ATR_2_0,2003,286.1,28.36,-0.0847,0.875
comm|bull,SL_AOI_FAR,2003,286.1,28.11,-0.0977,0.857
comm|bull,SL_AOI_FAR_PLUS_0_25,2003,286.1,26.61,-0.1021,0.849
comm|bull,SL_AOI_NEAR,2003,286.1,24.26,-0.2693,0.644
comm|bear,SL_AOI_NEAR_PLUS_0_5,1753,250.4,34.8,0.0505,1.078
comm|bear,SL_SIGNAL_CANDLE_PLUS_0_25,1753,250.4,34.57,0.0522,1.081
comm|bear,SL_ATR_1_0,1753,250.4,34.06,0.0217,1.033
comm|bear,SL_SIGNAL_CANDLE,1753,250.4,34.06,0.0295,1.045
comm|bear,SL_AOI_NEAR_PLUS_0_25,1753,250.4,33.37,0.0041,1.006
comm|bear,SL_ATR_0_5,1753,250.4,33.37,0.0011,1.002
comm|bear,SL_ATR_1_5,1753,250.4,32.74,-0.0111,0.983
comm|bear,SL_ATR_2_0,1753,250.4,30.98,-0.0136,0.979
comm|bear,SL_AOI_FAR,1753,250.4,30.41,-0.0434,0.935
comm|bear,SL_AOI_FAR_PLUS_0_25,1753,250.4,30.18,-0.012,0.981
comm|bear,SL_AOI_NEAR,1753,250.4,25.61,-0.2292,0.691
eur|bull,SL_ATR_1_5,3101,443.0,31.57,-0.039,0.942
eur|bull,SL_AOI_FAR,3101,443.0,30.8,-0.0308,0.954
eur|bull,SL_ATR_1_0,3101,443.0,30.7,-0.079,0.886
eur|bull,SL_AOI_NEAR_PLUS_0_5,3101,443.0,30.25,-0.0831,0.88
eur|bull,SL_ATR_2_0,3101,443.0,29.99,-0.039,0.941
eur|bull,SL_SIGNAL_CANDLE_PLUS_0_25,3101,443.0,29.67,-0.0913,0.868
eur|bull,SL_AOI_NEAR_PLUS_0_25,3101,443.0,29.35,-0.114,0.838
eur|bull,SL_AOI_FAR_PLUS_0_25,3101,443.0,29.28,-0.0397,0.94
eur|bull,SL_SIGNAL_CANDLE,3101,443.0,29.25,-0.1108,0.842
eur|bull,SL_ATR_0_5,3101,443.0,28.64,-0.1409,0.803
eur|bull,SL_AOI_NEAR,3101,443.0,23.22,-0.2986,0.61
eur|bear,SL_AOI_NEAR_PLUS_0_5,1888,269.7,32.63,-0.0106,0.984
eur|bear,SL_ATR_1_0,1888,269.7,32.31,-0.03,0.956
eur|bear,SL_AOI_NEAR_PLUS_0_25,1888,269.7,32.26,-0.029,0.957
eur|bear,SL_SIGNAL_CANDLE_PLUS_0_25,1888,269.7,32.04,-0.0116,0.983
eur|bear,SL_ATR_0_5,1888,269.7,31.83,-0.045,0.934
eur|bear,SL_ATR_1_5,1888,269.7,31.78,-0.0344,0.949
eur|bear,SL_SIGNAL_CANDLE,1888,269.7,31.67,-0.0334,0.95
eur|bear,SL_AOI_FAR,1888,269.7,31.36,0.0017,1.003
eur|bear,SL_AOI_FAR_PLUS_0_25,1888,269.7,29.18,-0.026,0.96
eur|bear,SL_ATR_2_0,1888,269.7,29.08,-0.0398,0.939
eur|bear,SL_AOI_NEAR,1888,269.7,24.15,-0.274,0.638
gbp|bull,SL_ATR_1_5,2381,340.1,29.53,-0.1058,0.849
gbp|bull,SL_ATR_0_5,2381,340.1,29.19,-0.1243,0.824
gbp|bull,SL_ATR_2_0,2381,340.1,28.9,-0.0735,0.891
gbp|bull,SL_AOI_FAR,2381,340.1,28.85,-0.0952,0.861
gbp|bull,SL_SIGNAL_CANDLE,2381,340.1,28.56,-0.1298,0.816
gbp|bull,SL_ATR_1_0,2381,340.1,28.48,-0.1457,0.796
gbp|bull,SL_SIGNAL_CANDLE_PLUS_0_25,2381,340.1,28.39,-0.1293,0.817
gbp|bull,SL_AOI_NEAR_PLUS_0_5,2381,340.1,28.18,-0.1449,0.797
gbp|bull,SL_AOI_NEAR_PLUS_0_25,2381,340.1,28.06,-0.1516,0.788
gbp|bull,SL_AOI_FAR_PLUS_0_25,2381,340.1,27.97,-0.0948,0.861
gbp|bull,SL_AOI_NEAR,2381,340.1,21.38,-0.3556,0.547
gbp|bear,SL_ATR_0_5,2045,292.1,33.4,0.002,1.003
gbp|bear,SL_ATR_1_0,2045,292.1,33.2,-0.0024,0.996
gbp|bear,SL_ATR_1_5,2045,292.1,32.91,0.0013,1.002
gbp|bear,SL_AOI_NEAR_PLUS_0_5,2045,292.1,32.71,-0.0096,0.986
gbp|bear,SL_SIGNAL_CANDLE_PLUS_0_25,2045,292.1,32.13,-0.0101,0.985
gbp|bear,SL_AOI_FAR,2045,292.1,31.98,0.0042,1.006
gbp|bear,SL_SIGNAL_CANDLE,2045,292.1,31.88,-0.0292,0.957
gbp|bear,SL_AOI_NEAR_PLUS_0_25,2045,292.1,31.64,-0.0464,0.932
gbp|bear,SL_ATR_2_0,2045,292.1,31.05,0.0178,1.028
gbp|bear,SL_AOI_FAR_PLUS_0_25,2045,292.1,30.66,0.0138,1.022
gbp|bear,SL_AOI_NEAR,2045,292.1,24.79,-0.2532,0.663
jpy|bull,SL_ATR_1_5,4518,645.4,33.49,0.019,1.029
jpy|bull,SL_ATR_2_0,4518,645.4,33.05,0.0649,1.104
jpy|bull,SL_AOI_NEAR_PLUS_0_5,4518,645.4,32.6,-0.0138,0.979
jpy|bull,SL_ATR_1_0,4518,645.4,32.51,-0.024,0.964
jpy|bull,SL_AOI_FAR,4518,645.4,32.49,0.0353,1.055
jpy|bull,SL_SIGNAL_CANDLE_PLUS_0_25,4518,645.4,32.36,-0.0058,0.991
jpy|bull,SL_SIGNAL_CANDLE,4518,645.4,32.03,-0.0254,0.962
jpy|bull,SL_AOI_FAR_PLUS_0_25,4518,645.4,31.98,0.0599,1.096
jpy|bull,SL_AOI_NEAR_PLUS_0_25,4518,645.4,31.85,-0.0382,0.944
jpy|bull,SL_ATR_0_5,4518,645.4,31.41,-0.0578,0.916
jpy|bull,SL_AOI_NEAR,4518,645.4,23.77,-0.2828,0.628
jpy|bear,SL_ATR_0_5,2908,415.4,33.8,0.0141,1.021
jpy|bear,SL_ATR_1_0,2908,415.4,33.56,0.0069,1.01
jpy|bear,SL_AOI_NEAR_PLUS_0_25,2908,415.4,33.22,0.0029,1.004
jpy|bear,SL_AOI_NEAR_PLUS_0_5,2908,415.4,33.01,0.0008,1.001
jpy|bear,SL_SIGNAL_CANDLE,2908,415.4,33.01,0.0056,1.008
jpy|bear,SL_ATR_1_5,2908,415.4,31.81,-0.0322,0.952
jpy|bear,SL_SIGNAL_CANDLE_PLUS_0_25,2908,415.4,31.53,-0.0323,0.952
jpy|bear,SL_AOI_FAR,2908,415.4,30.71,-0.0311,0.953
jpy|bear,SL_ATR_2_0,2908,415.4,30.33,-0.0292,0.956
jpy|bear,SL_AOI_FAR_PLUS_0_25,2908,415.4,29.16,-0.0516,0.922
jpy|bear,SL_AOI_NEAR,2908,415.4,26.96,-0.1851,0.745
usd|bull,SL_ATR_1_0,3075,439.3,33.33,0.0,1.0
usd|bull,SL_ATR_1_5,3075,439.3,33.33,0.0091,1.014
usd|bull,SL_AOI_FAR_PLUS_0_25,3075,439.3,32.91,0.0587,1.093
usd|bull,SL_AOI_FAR,3075,439.3,32.36,0.0146,1.022
usd|bull,SL_AOI_NEAR_PLUS_0_5,3075,439.3,32.36,-0.0204,0.97
usd|bull,SL_ATR_2_0,3075,439.3,32.33,0.0248,1.038
usd|bull,SL_SIGNAL_CANDLE_PLUS_0_25,3075,439.3,31.77,-0.0307,0.954
usd|bull,SL_ATR_0_5,3075,439.3,31.64,-0.0507,0.926
usd|bull,SL_SIGNAL_CANDLE,3075,439.3,31.25,-0.0509,0.925
usd|bull,SL_AOI_NEAR_PLUS_0_25,3075,439.3,31.06,-0.0635,0.908
usd|bull,SL_AOI_NEAR,3075,439.3,25.33,-0.2368,0.682
usd|bear,SL_ATR_1_0,2555,365.0,31.94,-0.0411,0.94
usd|bear,SL_AOI_NEAR_PLUS_0_5,2555,365.0,31.82,-0.0325,0.952
usd|bear,SL_ATR_0_5,2555,365.0,31.51,-0.0548,0.92
usd|bear,SL_ATR_1_5,2555,365.0,31.47,-0.0465,0.932
usd|bear,SL_SIGNAL_CANDLE,2555,365.0,31.31,-0.0457,0.933
usd|bear,SL_SIGNAL_CANDLE_PLUS_0_25,2555,365.0,31.31,-0.0387,0.942
usd|bear,SL_ATR_2_0,2555,365.0,31.27,0.0008,1.001
usd|bear,SL_AOI_NEAR_PLUS_0_25,2555,365.0,31.23,-0.0534,0.922
usd|bear,SL_AOI_FAR,2555,365.0,30.45,-0.0354,0.947
usd|bear,SL_AOI_FAR_PLUS_0_25,2555,365.0,30.14,-0.0186,0.971
usd|bear,SL_AOI_NEAR,2555,365.0,25.24,-0.2346,0.684
